crown_id,species_id,genus_id,species,genus,domainID,siteID
2549,PSMEM,PS,Pseudotsuga,menziesii,D16,ABBY
2501,PSMEM,PS,Pseudotsuga,menziesii,D16,ABBY
2534,PSMEM,PS,Pseudotsuga,menziesii,D16,ABBY
2535,PSMEM,PS,Pseudotsuga,menziesii,D16,ABBY
2559,PSMEM,PS,Pseudotsuga,menziesii,D16,ABBY
2533,PSMEM,PS,Pseudotsuga,menziesii,D16,ABBY
2560,PSMEM,PS,Pseudotsuga,menziesii,D16,ABBY
2536,PSMEM,PS,Pseudotsuga,menziesii,D16,ABBY
2503,PSMEM,PS,Pseudotsuga,menziesii,D16,ABBY
2551,PSMEM,PS,Pseudotsuga,menziesii,D16,ABBY
2553,PSMEM,PS,Pseudotsuga,menziesii,D16,ABBY
2504,PSMEM,PS,Pseudotsuga,menziesii,D16,ABBY
2502,PSMEM,PS,Pseudotsuga,menziesii,D16,ABBY
2505,PSMEM,PS,Pseudotsuga,menziesii,D16,ABBY
2558,PSMEM,PS,Pseudotsuga,menziesii,D16,ABBY
2543,PSMEM,PS,Pseudotsuga,menziesii,D16,ABBY
2542,PSMEM,PS,Pseudotsuga,menziesii,D16,ABBY
2492,PSMEM,PS,Pseudotsuga,menziesii,D16,ABBY
2496,PSMEM,PS,Pseudotsuga,menziesii,D16,ABBY
2544,PSMEM,PS,Pseudotsuga,menziesii,D16,ABBY
2493,PSMEM,PS,Pseudotsuga,menziesii,D16,ABBY
2537,PSMEM,PS,Pseudotsuga,menziesii,D16,ABBY
2552,PSMEM,PS,Pseudotsuga,menziesii,D16,ABBY
2500,PSMEM,PS,Pseudotsuga,menziesii,D16,ABBY
2546,PSMEM,PS,Pseudotsuga,menziesii,D16,ABBY
2495,PSMEM,PS,Pseudotsuga,menziesii,D16,ABBY
2497,PSMEM,PS,Pseudotsuga,menziesii,D16,ABBY
2494,PSMEM,PS,Pseudotsuga,menziesii,D16,ABBY
2538,PSMEM,PS,Pseudotsuga,menziesii,D16,ABBY
2539,PSMEM,PS,Pseudotsuga,menziesii,D16,ABBY
2541,PSMEM,PS,Pseudotsuga,menziesii,D16,ABBY
2513,PSMEM,PS,Pseudotsuga,menziesii,D16,ABBY
2555,PSMEM,PS,Pseudotsuga,menziesii,D16,ABBY
2508,PSMEM,PS,Pseudotsuga,menziesii,D16,ABBY
2510,PSMEM,PS,Pseudotsuga,menziesii,D16,ABBY
2532,PSMEM,PS,Pseudotsuga,menziesii,D16,ABBY
2530,PSMEM,PS,Pseudotsuga,menziesii,D16,ABBY
2509,PSMEM,PS,Pseudotsuga,menziesii,D16,ABBY
2554,PSMEM,PS,Pseudotsuga,menziesii,D16,ABBY
2531,PSMEM,PS,Pseudotsuga,menziesii,D16,ABBY
2556,PSMEM,PS,Pseudotsuga,menziesii,D16,ABBY
2507,PSMEM,PS,Pseudotsuga,menziesii,D16,ABBY
2525,PSMEM,PS,Pseudotsuga,menziesii,D16,ABBY
2523,PSMEM,PS,Pseudotsuga,menziesii,D16,ABBY
2529,PSMEM,PS,Pseudotsuga,menziesii,D16,ABBY
2518,ALRU2,AL,Alnus,rubra,D16,ABBY
2528,ALRU2,AL,Alnus,rubra,D16,ABBY
2526,ALRU2,AL,Alnus,rubra,D16,ABBY
2515,PSMEM,PS,Pseudotsuga,menziesii,D16,ABBY
2522,PSMEM,PS,Pseudotsuga,menziesii,D16,ABBY
2517,PSMEM,PS,Pseudotsuga,menziesii,D16,ABBY
2519,ALRU2,AL,Alnus,rubra,D16,ABBY
2521,ALRU2,AL,Alnus,rubra,D16,ABBY
2516,ALRU2,AL,Alnus,rubra,D16,ABBY
2561,PSMEM,PS,Pseudotsuga,menziesii,D16,ABBY
212,FAGR,FA,Fagus,grandifolia,D01,BART
229,FAGR,FA,Fagus,grandifolia,D01,BART
206,FAGR,FA,Fagus,grandifolia,D01,BART
209,ACSAS,AC,Acer,saccharum,D01,BART
211,FAGR,FA,Fagus,grandifolia,D01,BART
210,ACSAS,AC,Acer,saccharum,D01,BART
207,FAGR,FA,Fagus,grandifolia,D01,BART
208,FAGR,FA,Fagus,grandifolia,D01,BART
230,FAGR,FA,Fagus,grandifolia,D01,BART
231,FAGR,FA,Fagus,grandifolia,D01,BART
190,TSCA,TS,Tsuga,canadensis,D01,BART
182,TSCA,TS,Tsuga,canadensis,D01,BART
188,BEAL2,BE,Betula,alleghaniensis,D01,BART
194,TSCA,TS,Tsuga,canadensis,D01,BART
185,TSCA,TS,Tsuga,canadensis,D01,BART
181,TSCA,TS,Tsuga,canadensis,D01,BART
179,TSCA,TS,Tsuga,canadensis,D01,BART
235,TSCA,TS,Tsuga,canadensis,D01,BART
236,TSCA,TS,Tsuga,canadensis,D01,BART
183,TSCA,TS,Tsuga,canadensis,D01,BART
174,TSCA,TS,Tsuga,canadensis,D01,BART
171,TSCA,TS,Tsuga,canadensis,D01,BART
172,TSCA,TS,Tsuga,canadensis,D01,BART
187,TSCA,TS,Tsuga,canadensis,D01,BART
176,TSCA,TS,Tsuga,canadensis,D01,BART
186,ACRU,AC,Acer,rubrum,D01,BART
191,FAGR,FA,Fagus,grandifolia,D01,BART
175,FAGR,FA,Fagus,grandifolia,D01,BART
184,TSCA,TS,Tsuga,canadensis,D01,BART
178,TSCA,TS,Tsuga,canadensis,D01,BART
193,TSCA,TS,Tsuga,canadensis,D01,BART
168,BEAL2,BE,Betula,alleghaniensis,D01,BART
234,TSCA,TS,Tsuga,canadensis,D01,BART
170,TSCA,TS,Tsuga,canadensis,D01,BART
169,BEAL2,BE,Betula,alleghaniensis,D01,BART
238,TSCA,TS,Tsuga,canadensis,D01,BART
149,FAGR,FA,Fagus,grandifolia,D01,BART
284,FAGR,FA,Fagus,grandifolia,D01,BART
287,FAGR,FA,Fagus,grandifolia,D01,BART
134,FAGR,FA,Fagus,grandifolia,D01,BART
140,FAGR,FA,Fagus,grandifolia,D01,BART
118,FAGR,FA,Fagus,grandifolia,D01,BART
154,ACSAS,AC,Acer,saccharum,D01,BART
138,ACSAS,AC,Acer,saccharum,D01,BART
131,ACSAS,AC,Acer,saccharum,D01,BART
136,ACSAS,AC,Acer,saccharum,D01,BART
153,ACRU,AC,Acer,rubrum,D01,BART
119,FAGR,FA,Fagus,grandifolia,D01,BART
132,ACSAS,AC,Acer,saccharum,D01,BART
127,ACSAS,AC,Acer,saccharum,D01,BART
137,ACSAS,AC,Acer,saccharum,D01,BART
128,ACSAS,AC,Acer,saccharum,D01,BART
288,ACSAS,AC,Acer,saccharum,D01,BART
120,ACRU,AC,Acer,rubrum,D01,BART
125,ACSAS,AC,Acer,saccharum,D01,BART
148,FAGR,FA,Fagus,grandifolia,D01,BART
289,FAGR,FA,Fagus,grandifolia,D01,BART
124,ACSAS,AC,Acer,saccharum,D01,BART
151,BEAL2,BE,Betula,alleghaniensis,D01,BART
126,ACSAS,AC,Acer,saccharum,D01,BART
122,FAGR,FA,Fagus,grandifolia,D01,BART
116,TSCA,TS,Tsuga,canadensis,D01,BART
273,TSCA,TS,Tsuga,canadensis,D01,BART
121,FAGR,FA,Fagus,grandifolia,D01,BART
133,FAGR,FA,Fagus,grandifolia,D01,BART
130,TSCA,TS,Tsuga,canadensis,D01,BART
290,FAGR,FA,Fagus,grandifolia,D01,BART
286,FAGR,FA,Fagus,grandifolia,D01,BART
146,TSCA,TS,Tsuga,canadensis,D01,BART
292,FAGR,FA,Fagus,grandifolia,D01,BART
147,TSCA,TS,Tsuga,canadensis,D01,BART
3,TSCA,TS,Tsuga,canadensis,D01,BART
271,FAGR,FA,Fagus,grandifolia,D01,BART
64,BEAL2,BE,Betula,alleghaniensis,D01,BART
270,BEAL2,BE,Betula,alleghaniensis,D01,BART
2,TSCA,TS,Tsuga,canadensis,D01,BART
141,FAGR,FA,Fagus,grandifolia,D01,BART
142,FAGR,FA,Fagus,grandifolia,D01,BART
60,BEAL2,BE,Betula,alleghaniensis,D01,BART
57,ACRU,AC,Acer,rubrum,D01,BART
63,TSCA,TS,Tsuga,canadensis,D01,BART
293,FAGR,FA,Fagus,grandifolia,D01,BART
58,TSCA,TS,Tsuga,canadensis,D01,BART
144,TSCA,TS,Tsuga,canadensis,D01,BART
143,TSCA,TS,Tsuga,canadensis,D01,BART
145,TSCA,TS,Tsuga,canadensis,D01,BART
61,TSCA,TS,Tsuga,canadensis,D01,BART
37,TSCA,TS,Tsuga,canadensis,D01,BART
48,TSCA,TS,Tsuga,canadensis,D01,BART
43,ACRU,AC,Acer,rubrum,D01,BART
162,ACRU,AC,Acer,rubrum,D01,BART
159,ACRU,AC,Acer,rubrum,D01,BART
160,ACRU,AC,Acer,rubrum,D01,BART
40,TSCA,TS,Tsuga,canadensis,D01,BART
46,TSCA,TS,Tsuga,canadensis,D01,BART
39,TSCA,TS,Tsuga,canadensis,D01,BART
34,TSCA,TS,Tsuga,canadensis,D01,BART
29,TSCA,TS,Tsuga,canadensis,D01,BART
54,ACRU,AC,Acer,rubrum,D01,BART
32,ACRU,AC,Acer,rubrum,D01,BART
157,TSCA,TS,Tsuga,canadensis,D01,BART
35,TSCA,TS,Tsuga,canadensis,D01,BART
41,TSCA,TS,Tsuga,canadensis,D01,BART
33,TSCA,TS,Tsuga,canadensis,D01,BART
38,BEPA,BE,Betula,papyrifera,D01,BART
42,TSCA,TS,Tsuga,canadensis,D01,BART
27,TSCA,TS,Tsuga,canadensis,D01,BART
45,TSCA,TS,Tsuga,canadensis,D01,BART
22,BEPA,BE,Betula,papyrifera,D01,BART
20,BEPA,BE,Betula,papyrifera,D01,BART
198,BEPA,BE,Betula,papyrifera,D01,BART
276,BEPA,BE,Betula,papyrifera,D01,BART
275,BEPA,BE,Betula,papyrifera,D01,BART
9,BEPA,BE,Betula,papyrifera,D01,BART
214,FAGR,FA,Fagus,grandifolia,D01,BART
18,BEAL2,BE,Betula,alleghaniensis,D01,BART
196,FAGR,FA,Fagus,grandifolia,D01,BART
7,BEPA,BE,Betula,papyrifera,D01,BART
195,BEPA,BE,Betula,papyrifera,D01,BART
197,BEPA,BE,Betula,papyrifera,D01,BART
21,BEPA,BE,Betula,papyrifera,D01,BART
225,TSCA,TS,Tsuga,canadensis,D01,BART
217,TSCA,TS,Tsuga,canadensis,D01,BART
280,TSCA,TS,Tsuga,canadensis,D01,BART
16,POGR4,PO,Populus,grandidentata,D01,BART
19,FAGR,FA,Fagus,grandifolia,D01,BART
12,BEPA,BE,Betula,papyrifera,D01,BART
110,BEPA,BE,Betula,papyrifera,D01,BART
109,BEPA,BE,Betula,papyrifera,D01,BART
278,BEPA,BE,Betula,papyrifera,D01,BART
274,FAGR,FA,Fagus,grandifolia,D01,BART
14,POGR4,PO,Populus,grandidentata,D01,BART
203,TSCA,TS,Tsuga,canadensis,D01,BART
219,FAGR,FA,Fagus,grandifolia,D01,BART
221,TSCA,TS,Tsuga,canadensis,D01,BART
279,TSCA,TS,Tsuga,canadensis,D01,BART
222,TSCA,TS,Tsuga,canadensis,D01,BART
156,TSCA,TS,Tsuga,canadensis,D01,BART
155,TSCA,TS,Tsuga,canadensis,D01,BART
227,TSCA,TS,Tsuga,canadensis,D01,BART
205,TSCA,TS,Tsuga,canadensis,D01,BART
199,TSCA,TS,Tsuga,canadensis,D01,BART
281,TSCA,TS,Tsuga,canadensis,D01,BART
224,TSCA,TS,Tsuga,canadensis,D01,BART
215,TSCA,TS,Tsuga,canadensis,D01,BART
220,TSCA,TS,Tsuga,canadensis,D01,BART
201,FAGR,FA,Fagus,grandifolia,D01,BART
15,POGR4,PO,Populus,grandidentata,D01,BART
13,POGR4,PO,Populus,grandidentata,D01,BART
103,TSCA,TS,Tsuga,canadensis,D01,BART
105,FAGR,FA,Fagus,grandifolia,D01,BART
106,FAGR,FA,Fagus,grandifolia,D01,BART
93,TSCA,TS,Tsuga,canadensis,D01,BART
83,BEPA,BE,Betula,papyrifera,D01,BART
90,ACRU,AC,Acer,rubrum,D01,BART
94,ACRU,AC,Acer,rubrum,D01,BART
102,ACRU,AC,Acer,rubrum,D01,BART
111,BEAL2,BE,Betula,alleghaniensis,D01,BART
101,ACRU,AC,Acer,rubrum,D01,BART
108,TSCA,TS,Tsuga,canadensis,D01,BART
269,FAGR,FA,Fagus,grandifolia,D01,BART
100,ACRU,AC,Acer,rubrum,D01,BART
114,FAGR,FA,Fagus,grandifolia,D01,BART
267,FAGR,FA,Fagus,grandifolia,D01,BART
89,BEPA,BE,Betula,papyrifera,D01,BART
268,BEPA,BE,Betula,papyrifera,D01,BART
92,ACRU,AC,Acer,rubrum,D01,BART
86,ACRU,AC,Acer,rubrum,D01,BART
97,BEPA,BE,Betula,papyrifera,D01,BART
85,TSCA,TS,Tsuga,canadensis,D01,BART
91,TSCA,TS,Tsuga,canadensis,D01,BART
98,TSCA,TS,Tsuga,canadensis,D01,BART
84,TSCA,TS,Tsuga,canadensis,D01,BART
104,TSCA,TS,Tsuga,canadensis,D01,BART
87,TSCA,TS,Tsuga,canadensis,D01,BART
96,TSCA,TS,Tsuga,canadensis,D01,BART
99,TSCA,TS,Tsuga,canadensis,D01,BART
79,FAGR,FA,Fagus,grandifolia,D01,BART
76,FAGR,FA,Fagus,grandifolia,D01,BART
78,FAGR,FA,Fagus,grandifolia,D01,BART
77,FAGR,FA,Fagus,grandifolia,D01,BART
254,POGR4,PO,Populus,grandidentata,D01,BART
259,FRAM2,FR,Fraxinus,americana,D01,BART
242,ACRU,AC,Acer,rubrum,D01,BART
257,FRAM2,FR,Fraxinus,americana,D01,BART
264,FRAM2,FR,Fraxinus,americana,D01,BART
252,FRAM2,FR,Fraxinus,americana,D01,BART
261,ACRU,AC,Acer,rubrum,D01,BART
240,BEPA,BE,Betula,papyrifera,D01,BART
247,ACRU,AC,Acer,rubrum,D01,BART
260,FRAM2,FR,Fraxinus,americana,D01,BART
244,FRAM2,FR,Fraxinus,americana,D01,BART
255,ACRU,AC,Acer,rubrum,D01,BART
239,ACRU,AC,Acer,rubrum,D01,BART
246,ACRU,AC,Acer,rubrum,D01,BART
265,ACRU,AC,Acer,rubrum,D01,BART
248,BEPA,BE,Betula,papyrifera,D01,BART
241,BEPA,BE,Betula,papyrifera,D01,BART
258,BEPA,BE,Betula,papyrifera,D01,BART
256,BEAL2,BE,Betula,alleghaniensis,D01,BART
316,TSCA,TS,Tsuga,canadensis,D01,BART
313,TSCA,TS,Tsuga,canadensis,D01,BART
318,TSCA,TS,Tsuga,canadensis,D01,BART
322,TSCA,TS,Tsuga,canadensis,D01,BART
317,TSCA,TS,Tsuga,canadensis,D01,BART
315,TSCA,TS,Tsuga,canadensis,D01,BART
311,BEAL2,BE,Betula,alleghaniensis,D01,BART
305,TSCA,TS,Tsuga,canadensis,D01,BART
304,TSCA,TS,Tsuga,canadensis,D01,BART
294,TSCA,TS,Tsuga,canadensis,D01,BART
296,TSCA,TS,Tsuga,canadensis,D01,BART
310,TSCA,TS,Tsuga,canadensis,D01,BART
73,TSCA,TS,Tsuga,canadensis,D01,BART
302,TSCA,TS,Tsuga,canadensis,D01,BART
52,TSCA,TS,Tsuga,canadensis,D01,BART
301,TSCA,TS,Tsuga,canadensis,D01,BART
297,TSCA,TS,Tsuga,canadensis,D01,BART
309,TSCA,TS,Tsuga,canadensis,D01,BART
298,TSCA,TS,Tsuga,canadensis,D01,BART
75,TSCA,TS,Tsuga,canadensis,D01,BART
299,TSCA,TS,Tsuga,canadensis,D01,BART
308,BEAL2,BE,Betula,alleghaniensis,D01,BART
70,ACRU,AC,Acer,rubrum,D01,BART
66,TSCA,TS,Tsuga,canadensis,D01,BART
67,TSCA,TS,Tsuga,canadensis,D01,BART
329,BEPA,BE,Betula,papyrifera,D01,BART
337,FAGR,FA,Fagus,grandifolia,D01,BART
330,BEPA,BE,Betula,papyrifera,D01,BART
335,POGR4,PO,Populus,grandidentata,D01,BART
331,BEAL2,BE,Betula,alleghaniensis,D01,BART
328,BEPA,BE,Betula,papyrifera,D01,BART
336,FAGR,FA,Fagus,grandifolia,D01,BART
216,TSCA,TS,Tsuga,canadensis,D01,BART
129,ACSAS,AC,Acer,saccharum,D01,BART
334,FRAM2,FR,Fraxinus,americana,D01,BART
2586,BENE4,BE,Betula,neoalaskana,D19,BONA
2590,BENE4,BE,Betula,neoalaskana,D19,BONA
2585,BENE4,BE,Betula,neoalaskana,D19,BONA
2596,POTR5,PO,Populus,tremuloides,D19,BONA
2645,PIMA,PI,Picea,mariana,D19,BONA
2592,POTR5,PO,Populus,tremuloides,D19,BONA
2580,PIMA,PI,Picea,mariana,D19,BONA
2646,PIMA,PI,Picea,mariana,D19,BONA
2584,BENE4,BE,Betula,neoalaskana,D19,BONA
2587,BENE4,BE,Betula,neoalaskana,D19,BONA
2581,PIMA,PI,Picea,mariana,D19,BONA
2647,PIMA,PI,Picea,mariana,D19,BONA
2589,POTR5,PO,Populus,tremuloides,D19,BONA
2578,PIMA,PI,Picea,mariana,D19,BONA
2648,PIMA,PI,Picea,mariana,D19,BONA
2594,BENE4,BE,Betula,neoalaskana,D19,BONA
2644,PIMA,PI,Picea,mariana,D19,BONA
2583,PIMA,PI,Picea,mariana,D19,BONA
2582,PIMA,PI,Picea,mariana,D19,BONA
2599,POTR5,PO,Populus,tremuloides,D19,BONA
2593,POTR5,PO,Populus,tremuloides,D19,BONA
2639,BENE4,BE,Betula,neoalaskana,D19,BONA
2634,PIMA,PI,Picea,mariana,D19,BONA
2628,BENE4,BE,Betula,neoalaskana,D19,BONA
2635,BENE4,BE,Betula,neoalaskana,D19,BONA
2636,PIMA,PI,Picea,mariana,D19,BONA
2642,BENE4,BE,Betula,neoalaskana,D19,BONA
2630,BENE4,BE,Betula,neoalaskana,D19,BONA
2617,BENE4,BE,Betula,neoalaskana,D19,BONA
2613,PIMA,PI,Picea,mariana,D19,BONA
2629,BENE4,BE,Betula,neoalaskana,D19,BONA
2623,PIMA,PI,Picea,mariana,D19,BONA
2614,BENE4,BE,Betula,neoalaskana,D19,BONA
2612,BENE4,BE,Betula,neoalaskana,D19,BONA
2624,PIMA,PI,Picea,mariana,D19,BONA
2622,BENE4,BE,Betula,neoalaskana,D19,BONA
2643,PIMA,PI,Picea,mariana,D19,BONA
2616,BENE4,BE,Betula,neoalaskana,D19,BONA
2619,BENE4,BE,Betula,neoalaskana,D19,BONA
2638,BENE4,BE,Betula,neoalaskana,D19,BONA
2611,BENE4,BE,Betula,neoalaskana,D19,BONA
2626,BENE4,BE,Betula,neoalaskana,D19,BONA
2641,BENE4,BE,Betula,neoalaskana,D19,BONA
2631,BENE4,BE,Betula,neoalaskana,D19,BONA
2610,BENE4,BE,Betula,neoalaskana,D19,BONA
2633,POTR5,PO,Populus,tremuloides,D19,BONA
2621,BENE4,BE,Betula,neoalaskana,D19,BONA
2627,PIMA,PI,Picea,mariana,D19,BONA
2618,BENE4,BE,Betula,neoalaskana,D19,BONA
2567,PIMA,PI,Picea,mariana,D19,BONA
2570,PIMA,PI,Picea,mariana,D19,BONA
2573,PIMA,PI,Picea,mariana,D19,BONA
2572,PIMA,PI,Picea,mariana,D19,BONA
2575,PIMA,PI,Picea,mariana,D19,BONA
2574,PIMA,PI,Picea,mariana,D19,BONA
2576,PIMA,PI,Picea,mariana,D19,BONA
2569,PIMA,PI,Picea,mariana,D19,BONA
2566,PIMA,PI,Picea,mariana,D19,BONA
2577,PIMA,PI,Picea,mariana,D19,BONA
2689,PIMA,PI,Picea,mariana,D19,BONA
2601,PIMA,PI,Picea,mariana,D19,BONA
2688,BENE4,BE,Betula,neoalaskana,D19,BONA
2605,BENE4,BE,Betula,neoalaskana,D19,BONA
2737,PIMA,PI,Picea,mariana,D19,BONA
2603,BENE4,BE,Betula,neoalaskana,D19,BONA
2692,BENE4,BE,Betula,neoalaskana,D19,BONA
2681,BENE4,BE,Betula,neoalaskana,D19,BONA
2600,BENE4,BE,Betula,neoalaskana,D19,BONA
2734,BENE4,BE,Betula,neoalaskana,D19,BONA
2607,BENE4,BE,Betula,neoalaskana,D19,BONA
2604,BENE4,BE,Betula,neoalaskana,D19,BONA
2695,PIMA,PI,Picea,mariana,D19,BONA
2602,PIMA,PI,Picea,mariana,D19,BONA
2682,BENE4,BE,Betula,neoalaskana,D19,BONA
2741,BENE4,BE,Betula,neoalaskana,D19,BONA
2686,BENE4,BE,Betula,neoalaskana,D19,BONA
2683,BENE4,BE,Betula,neoalaskana,D19,BONA
2690,BENE4,BE,Betula,neoalaskana,D19,BONA
2742,PIMA,PI,Picea,mariana,D19,BONA
2606,BENE4,BE,Betula,neoalaskana,D19,BONA
2735,BENE4,BE,Betula,neoalaskana,D19,BONA
2691,BENE4,BE,Betula,neoalaskana,D19,BONA
2693,PIMA,PI,Picea,mariana,D19,BONA
2694,BENE4,BE,Betula,neoalaskana,D19,BONA
2608,BENE4,BE,Betula,neoalaskana,D19,BONA
2736,BENE4,BE,Betula,neoalaskana,D19,BONA
2684,BENE4,BE,Betula,neoalaskana,D19,BONA
2740,BENE4,BE,Betula,neoalaskana,D19,BONA
2738,BENE4,BE,Betula,neoalaskana,D19,BONA
2739,BENE4,BE,Betula,neoalaskana,D19,BONA
2654,POTR5,PO,Populus,tremuloides,D19,BONA
2667,POTR5,PO,Populus,tremuloides,D19,BONA
2657,BENE4,BE,Betula,neoalaskana,D19,BONA
2660,BENE4,BE,Betula,neoalaskana,D19,BONA
2650,BENE4,BE,Betula,neoalaskana,D19,BONA
2661,BENE4,BE,Betula,neoalaskana,D19,BONA
2651,BENE4,BE,Betula,neoalaskana,D19,BONA
2662,BENE4,BE,Betula,neoalaskana,D19,BONA
2649,POTR5,PO,Populus,tremuloides,D19,BONA
2669,POTR5,PO,Populus,tremuloides,D19,BONA
2655,BENE4,BE,Betula,neoalaskana,D19,BONA
2656,BENE4,BE,Betula,neoalaskana,D19,BONA
2666,POTR5,PO,Populus,tremuloides,D19,BONA
2664,POTR5,PO,Populus,tremuloides,D19,BONA
2658,POTR5,PO,Populus,tremuloides,D19,BONA
2653,BENE4,BE,Betula,neoalaskana,D19,BONA
2659,BENE4,BE,Betula,neoalaskana,D19,BONA
2673,POTR5,PO,Populus,tremuloides,D19,BONA
2675,POTR5,PO,Populus,tremuloides,D19,BONA
2677,POTR5,PO,Populus,tremuloides,D19,BONA
2679,PIMA,PI,Picea,mariana,D19,BONA
2671,POTR5,PO,Populus,tremuloides,D19,BONA
2670,BENE4,BE,Betula,neoalaskana,D19,BONA
2678,BENE4,BE,Betula,neoalaskana,D19,BONA
2674,POTR5,PO,Populus,tremuloides,D19,BONA
2743,BENE4,BE,Betula,neoalaskana,D19,BONA
2722,BENE4,BE,Betula,neoalaskana,D19,BONA
2744,BENE4,BE,Betula,neoalaskana,D19,BONA
2698,BENE4,BE,Betula,neoalaskana,D19,BONA
2700,BENE4,BE,Betula,neoalaskana,D19,BONA
2724,BENE4,BE,Betula,neoalaskana,D19,BONA
2701,BENE4,BE,Betula,neoalaskana,D19,BONA
2708,BENE4,BE,Betula,neoalaskana,D19,BONA
2704,BENE4,BE,Betula,neoalaskana,D19,BONA
2725,BENE4,BE,Betula,neoalaskana,D19,BONA
2709,BENE4,BE,Betula,neoalaskana,D19,BONA
2696,BENE4,BE,Betula,neoalaskana,D19,BONA
2730,BENE4,BE,Betula,neoalaskana,D19,BONA
2729,BENE4,BE,Betula,neoalaskana,D19,BONA
2727,BENE4,BE,Betula,neoalaskana,D19,BONA
2723,BENE4,BE,Betula,neoalaskana,D19,BONA
2705,BENE4,BE,Betula,neoalaskana,D19,BONA
2718,BENE4,BE,Betula,neoalaskana,D19,BONA
2703,BENE4,BE,Betula,neoalaskana,D19,BONA
2715,BENE4,BE,Betula,neoalaskana,D19,BONA
2707,BENE4,BE,Betula,neoalaskana,D19,BONA
2710,BENE4,BE,Betula,neoalaskana,D19,BONA
2719,BENE4,BE,Betula,neoalaskana,D19,BONA
2721,BENE4,BE,Betula,neoalaskana,D19,BONA
2717,BENE4,BE,Betula,neoalaskana,D19,BONA
2702,BENE4,BE,Betula,neoalaskana,D19,BONA
2699,PIMA,PI,Picea,mariana,D19,BONA
1978,ULAL,UL,Ulmus,alata,D11,CLBJ
1983,QUST,QU,Quercus,stellata,D11,CLBJ
1909,QUST,QU,Quercus,stellata,D11,CLBJ
1906,ULAL,UL,Ulmus,alata,D11,CLBJ
1984,QUST,QU,Quercus,stellata,D11,CLBJ
1977,QUST,QU,Quercus,stellata,D11,CLBJ
1908,ULAL,UL,Ulmus,alata,D11,CLBJ
1982,ULAL,UL,Ulmus,alata,D11,CLBJ
1981,QUST,QU,Quercus,stellata,D11,CLBJ
1905,ULAL,UL,Ulmus,alata,D11,CLBJ
1980,ULAL,UL,Ulmus,alata,D11,CLBJ
1907,QUST,QU,Quercus,stellata,D11,CLBJ
1976,QUMA3,QU,Quercus,marilandica,D11,CLBJ
1924,QUST,QU,Quercus,stellata,D11,CLBJ
1926,ULCR,UL,Ulmus,crassifolia,D11,CLBJ
1927,ULCR,UL,Ulmus,crassifolia,D11,CLBJ
1928,ULCR,UL,Ulmus,crassifolia,D11,CLBJ
1919,QUST,QU,Quercus,stellata,D11,CLBJ
1917,QUST,QU,Quercus,stellata,D11,CLBJ
1922,QUST,QU,Quercus,stellata,D11,CLBJ
1920,QUST,QU,Quercus,stellata,D11,CLBJ
1916,QUST,QU,Quercus,stellata,D11,CLBJ
1954,JUVI,JU,Juniperus,virginiana,D11,CLBJ
1958,QUST,QU,Quercus,stellata,D11,CLBJ
1951,QUST,QU,Quercus,stellata,D11,CLBJ
1962,QUMA3,QU,Quercus,marilandica,D11,CLBJ
1955,QUST,QU,Quercus,stellata,D11,CLBJ
1959,QUST,QU,Quercus,stellata,D11,CLBJ
1963,ULCR,UL,Ulmus,crassifolia,D11,CLBJ
1960,JUVI,JU,Juniperus,virginiana,D11,CLBJ
1961,ULCR,UL,Ulmus,crassifolia,D11,CLBJ
1957,QUST,QU,Quercus,stellata,D11,CLBJ
1949,QUST,QU,Quercus,stellata,D11,CLBJ
1948,QUST,QU,Quercus,stellata,D11,CLBJ
1947,QUST,QU,Quercus,stellata,D11,CLBJ
1946,QUST,QU,Quercus,stellata,D11,CLBJ
1932,QUST,QU,Quercus,stellata,D11,CLBJ
1941,QUST,QU,Quercus,stellata,D11,CLBJ
1934,QUST,QU,Quercus,stellata,D11,CLBJ
1936,QUST,QU,Quercus,stellata,D11,CLBJ
1944,QUMA3,QU,Quercus,marilandica,D11,CLBJ
1938,QUST,QU,Quercus,stellata,D11,CLBJ
1950,QUST,QU,Quercus,stellata,D11,CLBJ
1929,QUST,QU,Quercus,stellata,D11,CLBJ
1940,QUST,QU,Quercus,stellata,D11,CLBJ
1945,QUMA3,QU,Quercus,marilandica,D11,CLBJ
1933,QUST,QU,Quercus,stellata,D11,CLBJ
1943,QUMA3,QU,Quercus,marilandica,D11,CLBJ
1965,QUST,QU,Quercus,stellata,D11,CLBJ
1911,JUVI,JU,Juniperus,virginiana,D11,CLBJ
1964,ULCR,UL,Ulmus,crassifolia,D11,CLBJ
1912,QUST,QU,Quercus,stellata,D11,CLBJ
1913,QUMA3,QU,Quercus,marilandica,D11,CLBJ
1967,JUVI,JU,Juniperus,virginiana,D11,CLBJ
1966,JUVI,JU,Juniperus,virginiana,D11,CLBJ
1970,QUMA3,QU,Quercus,marilandica,D11,CLBJ
1971,QUMA3,QU,Quercus,marilandica,D11,CLBJ
1974,QUST,QU,Quercus,stellata,D11,CLBJ
1969,QUMA3,QU,Quercus,marilandica,D11,CLBJ
1968,QUST,QU,Quercus,stellata,D11,CLBJ
1973,QUMA3,QU,Quercus,marilandica,D11,CLBJ
1939,QUMA3,QU,Quercus,marilandica,D11,CLBJ
2755,POTR5,PO,Populus,tremuloides,D19,DEJU
2759,POTR5,PO,Populus,tremuloides,D19,DEJU
2758,POTR5,PO,Populus,tremuloides,D19,DEJU
2756,POTR5,PO,Populus,tremuloides,D19,DEJU
2757,POTR5,PO,Populus,tremuloides,D19,DEJU
2767,PIMA,PI,Picea,mariana,D19,DEJU
2768,POTR5,PO,Populus,tremuloides,D19,DEJU
2773,PIMA,PI,Picea,mariana,D19,DEJU
2794,PIMA,PI,Picea,mariana,D19,DEJU
2793,PIMA,PI,Picea,mariana,D19,DEJU
2786,PIMA,PI,Picea,mariana,D19,DEJU
2775,PIMA,PI,Picea,mariana,D19,DEJU
2795,PIMA,PI,Picea,mariana,D19,DEJU
2799,PIGL,PI,Picea,glauca,D19,DEJU
2800,PIMA,PI,Picea,mariana,D19,DEJU
2778,PIMA,PI,Picea,mariana,D19,DEJU
2796,PIMA,PI,Picea,mariana,D19,DEJU
2804,PIMA,PI,Picea,mariana,D19,DEJU
2801,PIMA,PI,Picea,mariana,D19,DEJU
2792,PIMA,PI,Picea,mariana,D19,DEJU
2780,PIMA,PI,Picea,mariana,D19,DEJU
2784,PIMA,PI,Picea,mariana,D19,DEJU
2803,PIMA,PI,Picea,mariana,D19,DEJU
2783,PIMA,PI,Picea,mariana,D19,DEJU
2788,PIMA,PI,Picea,mariana,D19,DEJU
2798,PIMA,PI,Picea,mariana,D19,DEJU
2789,PIMA,PI,Picea,mariana,D19,DEJU
2791,PIMA,PI,Picea,mariana,D19,DEJU
2771,PIMA,PI,Picea,mariana,D19,DEJU
2777,PIMA,PI,Picea,mariana,D19,DEJU
2774,PIMA,PI,Picea,mariana,D19,DEJU
2805,PIMA,PI,Picea,mariana,D19,DEJU
2782,PIMA,PI,Picea,mariana,D19,DEJU
2781,PIMA,PI,Picea,mariana,D19,DEJU
2785,PIMA,PI,Picea,mariana,D19,DEJU
2817,PIMA,PI,Picea,mariana,D19,DEJU
2819,PIMA,PI,Picea,mariana,D19,DEJU
2818,PIMA,PI,Picea,mariana,D19,DEJU
2813,PIMA,PI,Picea,mariana,D19,DEJU
2814,PIMA,PI,Picea,mariana,D19,DEJU
2820,PIMA,PI,Picea,mariana,D19,DEJU
2815,PIMA,PI,Picea,mariana,D19,DEJU
2812,PIMA,PI,Picea,mariana,D19,DEJU
2822,PIMA,PI,Picea,mariana,D19,DEJU
2823,PIMA,PI,Picea,mariana,D19,DEJU
2811,PIGL,PI,Picea,glauca,D19,DEJU
2808,PIGL,PI,Picea,glauca,D19,DEJU
2809,PIGL,PI,Picea,glauca,D19,DEJU
2763,PIMA,PI,Picea,mariana,D19,DEJU
2766,PIGL,PI,Picea,glauca,D19,DEJU
2761,PIMA,PI,Picea,mariana,D19,DEJU
2762,PIMA,PI,Picea,mariana,D19,DEJU
2760,PIMA,PI,Picea,mariana,D19,DEJU
2764,PIGL,PI,Picea,glauca,D19,DEJU
2765,PIMA,PI,Picea,mariana,D19,DEJU
2746,PIMA,PI,Picea,mariana,D19,DEJU
2750,PIMA,PI,Picea,mariana,D19,DEJU
2754,PIMA,PI,Picea,mariana,D19,DEJU
2748,PIMA,PI,Picea,mariana,D19,DEJU
2753,PIMA,PI,Picea,mariana,D19,DEJU
2751,PIMA,PI,Picea,mariana,D19,DEJU
2747,PIMA,PI,Picea,mariana,D19,DEJU
717,PIEL,PI,Pinus,elliottii,D03,DSNY
718,PIEL,PI,Pinus,elliottii,D03,DSNY
714,PIPA2,PI,Pinus,palustris,D03,DSNY
715,PIPA2,PI,Pinus,palustris,D03,DSNY
713,PIPA2,PI,Pinus,palustris,D03,DSNY
721,PIPA2,PI,Pinus,palustris,D03,DSNY
722,PIPA2,PI,Pinus,palustris,D03,DSNY
724,PIEL,PI,Pinus,elliottii,D03,DSNY
725,PIPA2,PI,Pinus,palustris,D03,DSNY
730,PIPA2,PI,Pinus,palustris,D03,DSNY
729,PIEL,PI,Pinus,elliottii,D03,DSNY
735,PIPA2,PI,Pinus,palustris,D03,DSNY
732,PIPA2,PI,Pinus,palustris,D03,DSNY
727,PIPA2,PI,Pinus,palustris,D03,DSNY
736,PIPA2,PI,Pinus,palustris,D03,DSNY
734,PIPA2,PI,Pinus,palustris,D03,DSNY
731,PIPA2,PI,Pinus,palustris,D03,DSNY
726,PIPA2,PI,Pinus,palustris,D03,DSNY
746,PIPA2,PI,Pinus,palustris,D03,DSNY
743,QUNI,QU,Quercus,nigra,D03,DSNY
747,PIPA2,PI,Pinus,palustris,D03,DSNY
749,PIPA2,PI,Pinus,palustris,D03,DSNY
744,QUNI,QU,Quercus,nigra,D03,DSNY
742,QUNI,QU,Quercus,nigra,D03,DSNY
738,QUNI,QU,Quercus,nigra,D03,DSNY
741,QUNI,QU,Quercus,nigra,D03,DSNY
739,QUNI,QU,Quercus,nigra,D03,DSNY
737,QUNI,QU,Quercus,nigra,D03,DSNY
751,PIPA2,PI,Pinus,palustris,D03,DSNY
1174,ACRU,AC,Acer,rubrum,D07,GRSM
1179,QUAL,QU,Quercus,alba,D07,GRSM
1175,QUAL,QU,Quercus,alba,D07,GRSM
1170,ACRU,AC,Acer,rubrum,D07,GRSM
1178,QUAL,QU,Quercus,alba,D07,GRSM
1180,QUAL,QU,Quercus,alba,D07,GRSM
1204,LIST2,LI,Liquidambar,styraciflua,D07,GRSM
1207,ACRU,AC,Acer,rubrum,D07,GRSM
1187,TSCA,TS,Tsuga,canadensis,D07,GRSM
1196,TSCA,TS,Tsuga,canadensis,D07,GRSM
1188,TSCA,TS,Tsuga,canadensis,D07,GRSM
1200,TSCA,TS,Tsuga,canadensis,D07,GRSM
1201,TSCA,TS,Tsuga,canadensis,D07,GRSM
1208,LITU,LI,Liriodendron,tulipifera,D07,GRSM
1191,LIST2,LI,Liquidambar,styraciflua,D07,GRSM
1205,LIST2,LI,Liquidambar,styraciflua,D07,GRSM
1192,LITU,LI,Liriodendron,tulipifera,D07,GRSM
1193,ACRU,AC,Acer,rubrum,D07,GRSM
1202,QUAL,QU,Quercus,alba,D07,GRSM
1206,LITU,LI,Liriodendron,tulipifera,D07,GRSM
1222,ACRU,AC,Acer,rubrum,D07,GRSM
1219,ACRU,AC,Acer,rubrum,D07,GRSM
1220,QURU,QU,Quercus,rubra,D07,GRSM
1223,ACRU,AC,Acer,rubrum,D07,GRSM
1218,QUMO4,QU,Quercus,montana,D07,GRSM
1217,LITU,LI,Liriodendron,tulipifera,D07,GRSM
1221,ACRU,AC,Acer,rubrum,D07,GRSM
1225,ACRU,AC,Acer,rubrum,D07,GRSM
1229,LITU,LI,Liriodendron,tulipifera,D07,GRSM
1228,LITU,LI,Liriodendron,tulipifera,D07,GRSM
1230,LITU,LI,Liriodendron,tulipifera,D07,GRSM
1227,LITU,LI,Liriodendron,tulipifera,D07,GRSM
1249,PIRU,PI,Picea,rubens,D07,GRSM
1238,PIRU,PI,Picea,rubens,D07,GRSM
1233,PIRU,PI,Picea,rubens,D07,GRSM
1257,PIRU,PI,Picea,rubens,D07,GRSM
1256,PIRU,PI,Picea,rubens,D07,GRSM
1246,PIRU,PI,Picea,rubens,D07,GRSM
1254,PIRU,PI,Picea,rubens,D07,GRSM
1260,PIRU,PI,Picea,rubens,D07,GRSM
1259,PIRU,PI,Picea,rubens,D07,GRSM
1264,PIRU,PI,Picea,rubens,D07,GRSM
1252,PIRU,PI,Picea,rubens,D07,GRSM
1268,PIRU,PI,Picea,rubens,D07,GRSM
1269,PIRU,PI,Picea,rubens,D07,GRSM
1267,PIRU,PI,Picea,rubens,D07,GRSM
1311,LITU,LI,Liriodendron,tulipifera,D07,GRSM
1293,ACRU,AC,Acer,rubrum,D07,GRSM
1307,LITU,LI,Liriodendron,tulipifera,D07,GRSM
1306,LITU,LI,Liriodendron,tulipifera,D07,GRSM
1310,LITU,LI,Liriodendron,tulipifera,D07,GRSM
1277,ACRU,AC,Acer,rubrum,D07,GRSM
1279,ACRU,AC,Acer,rubrum,D07,GRSM
1296,QUMO4,QU,Quercus,montana,D07,GRSM
1273,ACRU,AC,Acer,rubrum,D07,GRSM
1292,ACRU,AC,Acer,rubrum,D07,GRSM
1280,ACRU,AC,Acer,rubrum,D07,GRSM
1313,LITU,LI,Liriodendron,tulipifera,D07,GRSM
1304,LITU,LI,Liriodendron,tulipifera,D07,GRSM
1303,LITU,LI,Liriodendron,tulipifera,D07,GRSM
1305,LITU,LI,Liriodendron,tulipifera,D07,GRSM
1291,ACRU,AC,Acer,rubrum,D07,GRSM
1282,ACRU,AC,Acer,rubrum,D07,GRSM
1287,QUAL,QU,Quercus,alba,D07,GRSM
1297,QUMO4,QU,Quercus,montana,D07,GRSM
1284,ACRU,AC,Acer,rubrum,D07,GRSM
1295,ACRU,AC,Acer,rubrum,D07,GRSM
1299,ACRU,AC,Acer,rubrum,D07,GRSM
1302,LITU,LI,Liriodendron,tulipifera,D07,GRSM
1283,ACRU,AC,Acer,rubrum,D07,GRSM
1285,TSCA,TS,Tsuga,canadensis,D07,GRSM
1278,ACRU,AC,Acer,rubrum,D07,GRSM
1275,ACRU,AC,Acer,rubrum,D07,GRSM
1315,QUMO4,QU,Quercus,montana,D07,GRSM
1317,LITU,LI,Liriodendron,tulipifera,D07,GRSM
1323,QUMO4,QU,Quercus,montana,D07,GRSM
1324,LITU,LI,Liriodendron,tulipifera,D07,GRSM
1325,ACRU,AC,Acer,rubrum,D07,GRSM
1321,ACRU,AC,Acer,rubrum,D07,GRSM
1320,QURU,QU,Quercus,rubra,D07,GRSM
1318,ACRU,AC,Acer,rubrum,D07,GRSM
1319,QURU,QU,Quercus,rubra,D07,GRSM
1184,LITU,LI,Liriodendron,tulipifera,D07,GRSM
1183,LITU,LI,Liriodendron,tulipifera,D07,GRSM
841,PIAL3,PI,Pisonia,albida,D04,GUAN
842,PIAL3,PI,Pisonia,albida,D04,GUAN
849,BUBU,BU,Bucida,buceras,D04,GUAN
852,BUSI,BU,Bursera,simaruba,D04,GUAN
886,PIAL3,PI,Pisonia,albida,D04,GUAN
883,PIAL3,PI,Pisonia,albida,D04,GUAN
891,PIAL3,PI,Pisonia,albida,D04,GUAN
872,BUSI,BU,Bursera,simaruba,D04,GUAN
878,PIAL3,PI,Pisonia,albida,D04,GUAN
885,BUSI,BU,Bursera,simaruba,D04,GUAN
873,BUBU,BU,Bucida,buceras,D04,GUAN
863,PIAL3,PI,Pisonia,albida,D04,GUAN
907,PIAL3,PI,Pisonia,albida,D04,GUAN
904,PIAL3,PI,Pisonia,albida,D04,GUAN
906,BUSI,BU,Bursera,simaruba,D04,GUAN
909,BUBU,BU,Bucida,buceras,D04,GUAN
939,BOSU2,BO,Bourreria,succulenta,D04,GUAN
941,BUBU,BU,Bucida,buceras,D04,GUAN
938,BOSU2,BO,Bourreria,succulenta,D04,GUAN
915,BUBU,BU,Bucida,buceras,D04,GUAN
920,PIAL3,PI,Pisonia,albida,D04,GUAN
919,PIAL3,PI,Pisonia,albida,D04,GUAN
917,PIAL3,PI,Pisonia,albida,D04,GUAN
922,BUBU,BU,Bucida,buceras,D04,GUAN
921,BUBU,BU,Bucida,buceras,D04,GUAN
923,BUSI,BU,Bursera,simaruba,D04,GUAN
937,BUBU,BU,Bucida,buceras,D04,GUAN
934,BUBU,BU,Bucida,buceras,D04,GUAN
930,BUBU,BU,Bucida,buceras,D04,GUAN
926,BUSI,BU,Bursera,simaruba,D04,GUAN
931,BUBU,BU,Bucida,buceras,D04,GUAN
933,BUBU,BU,Bucida,buceras,D04,GUAN
936,BUSI,BU,Bursera,simaruba,D04,GUAN
870,BUSI,BU,Bursera,simaruba,D04,GUAN
857,PIAL3,PI,Pisonia,albida,D04,GUAN
861,BUSI,BU,Bursera,simaruba,D04,GUAN
853,BUSI,BU,Bursera,simaruba,D04,GUAN
855,PIAL3,PI,Pisonia,albida,D04,GUAN
856,BUSI,BU,Bursera,simaruba,D04,GUAN
862,PIAL3,PI,Pisonia,albida,D04,GUAN
860,PIAL3,PI,Pisonia,albida,D04,GUAN
858,PIAL3,PI,Pisonia,albida,D04,GUAN
859,PIAL3,PI,Pisonia,albida,D04,GUAN
867,BUSI,BU,Bursera,simaruba,D04,GUAN
895,BUSI,BU,Bursera,simaruba,D04,GUAN
892,BUSI,BU,Bursera,simaruba,D04,GUAN
894,BUSI,BU,Bursera,simaruba,D04,GUAN
896,GUOB,GU,Guapira,obtusata,D04,GUAN
900,GUOB,GU,Guapira,obtusata,D04,GUAN
899,GUOB,GU,Guapira,obtusata,D04,GUAN
897,GUOB,GU,Guapira,obtusata,D04,GUAN
943,ACFA,AC,Acacia,farnesiana,D04,GUAN
944,ACFA,AC,Acacia,farnesiana,D04,GUAN
942,ACFA,AC,Acacia,farnesiana,D04,GUAN
947,BUSI,BU,Bursera,simaruba,D04,GUAN
935,BUBU,BU,Bucida,buceras,D04,GUAN
932,BUBU,BU,Bucida,buceras,D04,GUAN
879,PIAL3,PI,Pisonia,albida,D04,GUAN
874,BUBU,BU,Bucida,buceras,D04,GUAN
888,PIAL3,PI,Pisonia,albida,D04,GUAN
890,PIAL3,PI,Pisonia,albida,D04,GUAN
876,BUBU,BU,Bucida,buceras,D04,GUAN
887,PIAL3,PI,Pisonia,albida,D04,GUAN
882,PIAL3,PI,Pisonia,albida,D04,GUAN
875,BUBU,BU,Bucida,buceras,D04,GUAN
884,PIAL3,PI,Pisonia,albida,D04,GUAN
877,BUBU,BU,Bucida,buceras,D04,GUAN
889,PIAL3,PI,Pisonia,albida,D04,GUAN
940,BOSU2,BO,Bourreria,succulenta,D04,GUAN
843,PIAL3,PI,Pisonia,albida,D04,GUAN
911,PIAL3,PI,Pisonia,albida,D04,GUAN
339,QURU,QU,Quercus,rubra,D01,HARV
341,QURU,QU,Quercus,rubra,D01,HARV
340,PIST,PI,Pinus,strobus,D01,HARV
338,QURU,QU,Quercus,rubra,D01,HARV
343,PIST,PI,Pinus,strobus,D01,HARV
350,PIST,PI,Pinus,strobus,D01,HARV
349,QURU,QU,Quercus,rubra,D01,HARV
351,PIST,PI,Pinus,strobus,D01,HARV
348,PIST,PI,Pinus,strobus,D01,HARV
347,PIST,PI,Pinus,strobus,D01,HARV
345,PIST,PI,Pinus,strobus,D01,HARV
344,PIST,PI,Pinus,strobus,D01,HARV
361,PIST,PI,Pinus,strobus,D01,HARV
360,PIST,PI,Pinus,strobus,D01,HARV
365,PIST,PI,Pinus,strobus,D01,HARV
359,PIST,PI,Pinus,strobus,D01,HARV
369,PIST,PI,Pinus,strobus,D01,HARV
381,QURU,QU,Quercus,rubra,D01,HARV
378,ACRU,AC,Acer,rubrum,D01,HARV
380,QURU,QU,Quercus,rubra,D01,HARV
382,QURU,QU,Quercus,rubra,D01,HARV
379,QUAL,QU,Quercus,alba,D01,HARV
363,BELE,BE,Betula,lenta,D01,HARV
362,PIST,PI,Pinus,strobus,D01,HARV
375,QURU,QU,Quercus,rubra,D01,HARV
376,BELE,BE,Betula,lenta,D01,HARV
377,QURU,QU,Quercus,rubra,D01,HARV
390,PIST,PI,Pinus,strobus,D01,HARV
389,ACRU,AC,Acer,rubrum,D01,HARV
397,QUAL,QU,Quercus,alba,D01,HARV
364,PIST,PI,Pinus,strobus,D01,HARV
386,ACRU,AC,Acer,rubrum,D01,HARV
387,QURU,QU,Quercus,rubra,D01,HARV
392,PIST,PI,Pinus,strobus,D01,HARV
395,ACRU,AC,Acer,rubrum,D01,HARV
391,QURU,QU,Quercus,rubra,D01,HARV
385,QURU,QU,Quercus,rubra,D01,HARV
407,PIST,PI,Pinus,strobus,D01,HARV
404,PIST,PI,Pinus,strobus,D01,HARV
424,PIST,PI,Pinus,strobus,D01,HARV
408,PIST,PI,Pinus,strobus,D01,HARV
406,PIST,PI,Pinus,strobus,D01,HARV
399,PIST,PI,Pinus,strobus,D01,HARV
398,PIST,PI,Pinus,strobus,D01,HARV
405,PIST,PI,Pinus,strobus,D01,HARV
411,PIST,PI,Pinus,strobus,D01,HARV
412,PIST,PI,Pinus,strobus,D01,HARV
409,PIST,PI,Pinus,strobus,D01,HARV
415,QURU,QU,Quercus,rubra,D01,HARV
401,QURU,QU,Quercus,rubra,D01,HARV
427,QUAL,QU,Quercus,alba,D01,HARV
418,PIST,PI,Pinus,strobus,D01,HARV
403,PIST,PI,Pinus,strobus,D01,HARV
426,QURU,QU,Quercus,rubra,D01,HARV
462,FRAM2,FR,Fraxinus,americana,D01,HARV
421,FRAM2,FR,Fraxinus,americana,D01,HARV
419,ACRU,AC,Acer,rubrum,D01,HARV
428,BELE,BE,Betula,lenta,D01,HARV
458,ACRU,AC,Acer,rubrum,D01,HARV
434,BELE,BE,Betula,lenta,D01,HARV
400,ACRU,AC,Acer,rubrum,D01,HARV
460,BELE,BE,Betula,lenta,D01,HARV
457,QUAL,QU,Quercus,alba,D01,HARV
459,ACRU,AC,Acer,rubrum,D01,HARV
422,FRAM2,FR,Fraxinus,americana,D01,HARV
410,FRAM2,FR,Fraxinus,americana,D01,HARV
423,QURU,QU,Quercus,rubra,D01,HARV
478,QURU,QU,Quercus,rubra,D01,HARV
432,ACRU,AC,Acer,rubrum,D01,HARV
433,BELE,BE,Betula,lenta,D01,HARV
472,BELE,BE,Betula,lenta,D01,HARV
476,BELE,BE,Betula,lenta,D01,HARV
441,BEPO,BE,Betula,populifolia,D01,HARV
446,ACRU,AC,Acer,rubrum,D01,HARV
444,FRAM2,FR,Fraxinus,americana,D01,HARV
442,BEPO,BE,Betula,populifolia,D01,HARV
443,BEPO,BE,Betula,populifolia,D01,HARV
438,ACRU,AC,Acer,rubrum,D01,HARV
449,ACRU,AC,Acer,rubrum,D01,HARV
480,PIST,PI,Pinus,strobus,D01,HARV
440,PIST,PI,Pinus,strobus,D01,HARV
481,PIST,PI,Pinus,strobus,D01,HARV
439,ACRU,AC,Acer,rubrum,D01,HARV
396,ACRU,AC,Acer,rubrum,D01,HARV
483,PIST,PI,Pinus,strobus,D01,HARV
482,QURU,QU,Quercus,rubra,D01,HARV
388,ACRU,AC,Acer,rubrum,D01,HARV
452,PIST,PI,Pinus,strobus,D01,HARV
468,PIST,PI,Pinus,strobus,D01,HARV
463,PIST,PI,Pinus,strobus,D01,HARV
451,QURU,QU,Quercus,rubra,D01,HARV
465,PIST,PI,Pinus,strobus,D01,HARV
430,PIST,PI,Pinus,strobus,D01,HARV
429,PIST,PI,Pinus,strobus,D01,HARV
454,ACRU,AC,Acer,rubrum,D01,HARV
469,QUAL,QU,Quercus,alba,D01,HARV
464,PIST,PI,Pinus,strobus,D01,HARV
370,PIST,PI,Pinus,strobus,D01,HARV
353,QURU,QU,Quercus,rubra,D01,HARV
352,QURU,QU,Quercus,rubra,D01,HARV
373,PIST,PI,Pinus,strobus,D01,HARV
355,PIST,PI,Pinus,strobus,D01,HARV
367,PIST,PI,Pinus,strobus,D01,HARV
354,PIST,PI,Pinus,strobus,D01,HARV
356,BELE,BE,Betula,lenta,D01,HARV
358,PIST,PI,Pinus,strobus,D01,HARV
366,PIST,PI,Pinus,strobus,D01,HARV
357,PIST,PI,Pinus,strobus,D01,HARV
485,QURU,QU,Quercus,rubra,D01,HARV
2826,PIGL,PI,Picea,glauca,D19,HEAL
2827,PIGL,PI,Picea,glauca,D19,HEAL
2828,PIGL,PI,Picea,glauca,D19,HEAL
2832,PIGL,PI,Picea,glauca,D19,HEAL
2831,PIGL,PI,Picea,glauca,D19,HEAL
2829,PIGL,PI,Picea,glauca,D19,HEAL
2833,PIGL,PI,Picea,glauca,D19,HEAL
2850,PIGL,PI,Picea,glauca,D19,HEAL
2843,PIGL,PI,Picea,glauca,D19,HEAL
2836,PIGL,PI,Picea,glauca,D19,HEAL
2844,PIGL,PI,Picea,glauca,D19,HEAL
2838,PIGL,PI,Picea,glauca,D19,HEAL
2846,PIGL,PI,Picea,glauca,D19,HEAL
2845,PIGL,PI,Picea,glauca,D19,HEAL
2842,PIGL,PI,Picea,glauca,D19,HEAL
2851,PIGL,PI,Picea,glauca,D19,HEAL
2841,PIGL,PI,Picea,glauca,D19,HEAL
2840,PIGL,PI,Picea,glauca,D19,HEAL
2839,PIGL,PI,Picea,glauca,D19,HEAL
2847,PIGL,PI,Picea,glauca,D19,HEAL
2853,PIGL,PI,Picea,glauca,D19,HEAL
2852,PIGL,PI,Picea,glauca,D19,HEAL
955,QUMU,QU,Quercus,muehlenbergii,D06,KONZ
954,QUMU,QU,Quercus,muehlenbergii,D06,KONZ
953,QUMU,QU,Quercus,muehlenbergii,D06,KONZ
1585,LIST2,LI,Liquidambar,styraciflua,D08,LENO
1587,CELA,CE,Celtis,laevigata,D08,LENO
1592,LIST2,LI,Liquidambar,styraciflua,D08,LENO
1586,CACA18,CA,Carpinus,caroliniana,D08,LENO
1582,QUPA5,QU,Quercus,pagoda,D08,LENO
1583,QUPA5,QU,Quercus,pagoda,D08,LENO
1588,CACA18,CA,Carpinus,caroliniana,D08,LENO
1584,QUPA5,QU,Quercus,pagoda,D08,LENO
1591,CACA18,CA,Carpinus,caroliniana,D08,LENO
1589,CELA,CE,Celtis,laevigata,D08,LENO
1623,CELA,CE,Celtis,laevigata,D08,LENO
1593,FRPE,FR,Fraxinus,pennsylvanica,D08,LENO
1598,PLOC,PL,Platanus,occidentalis,D08,LENO
1613,CELA,CE,Celtis,laevigata,D08,LENO
1614,LIST2,LI,Liquidambar,styraciflua,D08,LENO
1624,QUMI,QU,Quercus,michauxii,D08,LENO
1602,PLOC,PL,Platanus,occidentalis,D08,LENO
1595,FRPE,FR,Fraxinus,pennsylvanica,D08,LENO
1630,CELA,CE,Celtis,laevigata,D08,LENO
1605,CACA18,CA,Carpinus,caroliniana,D08,LENO
1628,QUMI,QU,Quercus,michauxii,D08,LENO
1597,PLOC,PL,Platanus,occidentalis,D08,LENO
1607,CACA18,CA,Carpinus,caroliniana,D08,LENO
1596,PLOC,PL,Platanus,occidentalis,D08,LENO
1604,PLOC,PL,Platanus,occidentalis,D08,LENO
1606,CACA18,CA,Carpinus,caroliniana,D08,LENO
1618,CACA18,CA,Carpinus,caroliniana,D08,LENO
1612,CACA18,CA,Carpinus,caroliniana,D08,LENO
1608,LIST2,LI,Liquidambar,styraciflua,D08,LENO
1626,FRPE,FR,Fraxinus,pennsylvanica,D08,LENO
1629,LIST2,LI,Liquidambar,styraciflua,D08,LENO
1622,FRPE,FR,Fraxinus,pennsylvanica,D08,LENO
1601,FRPE,FR,Fraxinus,pennsylvanica,D08,LENO
1603,PLOC,PL,Platanus,occidentalis,D08,LENO
1615,QUNI,QU,Quercus,nigra,D08,LENO
1666,QUMI,QU,Quercus,michauxii,D08,LENO
1649,QUNI,QU,Quercus,nigra,D08,LENO
1654,LIST2,LI,Liquidambar,styraciflua,D08,LENO
1642,LIST2,LI,Liquidambar,styraciflua,D08,LENO
1635,CELA,CE,Celtis,laevigata,D08,LENO
1669,QUPA5,QU,Quercus,pagoda,D08,LENO
1637,FRPE,FR,Fraxinus,pennsylvanica,D08,LENO
1664,QUMI,QU,Quercus,michauxii,D08,LENO
1652,CACA18,CA,Carpinus,caroliniana,D08,LENO
1645,LIST2,LI,Liquidambar,styraciflua,D08,LENO
1650,LIST2,LI,Liquidambar,styraciflua,D08,LENO
1639,LIST2,LI,Liquidambar,styraciflua,D08,LENO
1655,LIST2,LI,Liquidambar,styraciflua,D08,LENO
1651,CACA18,CA,Carpinus,caroliniana,D08,LENO
1640,LIST2,LI,Liquidambar,styraciflua,D08,LENO
1647,LIST2,LI,Liquidambar,styraciflua,D08,LENO
1636,CELA,CE,Celtis,laevigata,D08,LENO
1641,LIST2,LI,Liquidambar,styraciflua,D08,LENO
1634,CACA18,CA,Carpinus,caroliniana,D08,LENO
1657,CACA18,CA,Carpinus,caroliniana,D08,LENO
1665,QUPA5,QU,Quercus,pagoda,D08,LENO
1648,QUPA5,QU,Quercus,pagoda,D08,LENO
1662,CACA18,CA,Carpinus,caroliniana,D08,LENO
1660,LIST2,LI,Liquidambar,styraciflua,D08,LENO
1656,QUNI,QU,Quercus,nigra,D08,LENO
1663,CACA18,CA,Carpinus,caroliniana,D08,LENO
1661,LIST2,LI,Liquidambar,styraciflua,D08,LENO
1653,CACA18,CA,Carpinus,caroliniana,D08,LENO
1644,LIST2,LI,Liquidambar,styraciflua,D08,LENO
1643,LIST2,LI,Liquidambar,styraciflua,D08,LENO
1677,QUMI,QU,Quercus,michauxii,D08,LENO
1672,CELA,CE,Celtis,laevigata,D08,LENO
1678,FRPE,FR,Fraxinus,pennsylvanica,D08,LENO
1671,QUMI,QU,Quercus,michauxii,D08,LENO
1681,QUPA5,QU,Quercus,pagoda,D08,LENO
1674,QUMI,QU,Quercus,michauxii,D08,LENO
1688,LIST2,LI,Liquidambar,styraciflua,D08,LENO
1689,LIST2,LI,Liquidambar,styraciflua,D08,LENO
1676,QUMI,QU,Quercus,michauxii,D08,LENO
1673,QUMI,QU,Quercus,michauxii,D08,LENO
1675,FRPE,FR,Fraxinus,pennsylvanica,D08,LENO
1685,LIST2,LI,Liquidambar,styraciflua,D08,LENO
1687,LIST2,LI,Liquidambar,styraciflua,D08,LENO
1690,LIST2,LI,Liquidambar,styraciflua,D08,LENO
1684,LIST2,LI,Liquidambar,styraciflua,D08,LENO
1691,LIST2,LI,Liquidambar,styraciflua,D08,LENO
1697,CELA,CE,Celtis,laevigata,D08,LENO
1699,CELA,CE,Celtis,laevigata,D08,LENO
1700,QUPA5,QU,Quercus,pagoda,D08,LENO
1714,FRPE,FR,Fraxinus,pennsylvanica,D08,LENO
1703,CELA,CE,Celtis,laevigata,D08,LENO
1695,QUPA5,QU,Quercus,pagoda,D08,LENO
1712,FRPE,FR,Fraxinus,pennsylvanica,D08,LENO
1713,FRPE,FR,Fraxinus,pennsylvanica,D08,LENO
1693,FRPE,FR,Fraxinus,pennsylvanica,D08,LENO
1702,QUPA5,QU,Quercus,pagoda,D08,LENO
1715,FRPE,FR,Fraxinus,pennsylvanica,D08,LENO
1711,LIST2,LI,Liquidambar,styraciflua,D08,LENO
1701,CELA,CE,Celtis,laevigata,D08,LENO
1698,QUNI,QU,Quercus,nigra,D08,LENO
1692,QUMI,QU,Quercus,michauxii,D08,LENO
1706,LIST2,LI,Liquidambar,styraciflua,D08,LENO
1709,FRPE,FR,Fraxinus,pennsylvanica,D08,LENO
1704,CELA,CE,Celtis,laevigata,D08,LENO
1729,LIST2,LI,Liquidambar,styraciflua,D08,LENO
1737,LIST2,LI,Liquidambar,styraciflua,D08,LENO
1718,QUNI,QU,Quercus,nigra,D08,LENO
1725,LIST2,LI,Liquidambar,styraciflua,D08,LENO
1732,QUPA5,QU,Quercus,pagoda,D08,LENO
1730,LIST2,LI,Liquidambar,styraciflua,D08,LENO
1736,LIST2,LI,Liquidambar,styraciflua,D08,LENO
1724,LIST2,LI,Liquidambar,styraciflua,D08,LENO
1726,LIST2,LI,Liquidambar,styraciflua,D08,LENO
1722,LIST2,LI,Liquidambar,styraciflua,D08,LENO
1727,LIST2,LI,Liquidambar,styraciflua,D08,LENO
1738,QUNI,QU,Quercus,nigra,D08,LENO
1733,LIST2,LI,Liquidambar,styraciflua,D08,LENO
1728,LIST2,LI,Liquidambar,styraciflua,D08,LENO
1341,QURU,QU,Quercus,rubra,D07,MLBS
1336,QURU,QU,Quercus,rubra,D07,MLBS
1338,QURU,QU,Quercus,rubra,D07,MLBS
1345,QURU,QU,Quercus,rubra,D07,MLBS
1331,QUAL,QU,Quercus,alba,D07,MLBS
1337,ACRU,AC,Acer,rubrum,D07,MLBS
1347,ACRU,AC,Acer,rubrum,D07,MLBS
1340,QUAL,QU,Quercus,alba,D07,MLBS
1343,QUAL,QU,Quercus,alba,D07,MLBS
1332,QUAL,QU,Quercus,alba,D07,MLBS
1329,QUAL,QU,Quercus,alba,D07,MLBS
1348,QUAL,QU,Quercus,alba,D07,MLBS
1333,CAGL8,CA,Carya,glabra,D07,MLBS
1335,QURU,QU,Quercus,rubra,D07,MLBS
1334,CAGL8,CA,Carya,glabra,D07,MLBS
1339,ACRU,AC,Acer,rubrum,D07,MLBS
1396,QURU,QU,Quercus,rubra,D07,MLBS
1384,QURU,QU,Quercus,rubra,D07,MLBS
1394,QURU,QU,Quercus,rubra,D07,MLBS
1362,QURU,QU,Quercus,rubra,D07,MLBS
1380,QURU,QU,Quercus,rubra,D07,MLBS
1375,ACRU,AC,Acer,rubrum,D07,MLBS
1365,QURU,QU,Quercus,rubra,D07,MLBS
1387,QUAL,QU,Quercus,alba,D07,MLBS
1397,QURU,QU,Quercus,rubra,D07,MLBS
1386,QURU,QU,Quercus,rubra,D07,MLBS
1389,QURU,QU,Quercus,rubra,D07,MLBS
1392,QURU,QU,Quercus,rubra,D07,MLBS
1383,QURU,QU,Quercus,rubra,D07,MLBS
1398,QURU,QU,Quercus,rubra,D07,MLBS
1388,QURU,QU,Quercus,rubra,D07,MLBS
1393,QURU,QU,Quercus,rubra,D07,MLBS
1374,QURU,QU,Quercus,rubra,D07,MLBS
1361,QURU,QU,Quercus,rubra,D07,MLBS
1353,QURU,QU,Quercus,rubra,D07,MLBS
1352,QURU,QU,Quercus,rubra,D07,MLBS
1356,QURU,QU,Quercus,rubra,D07,MLBS
1355,QUAL,QU,Quercus,alba,D07,MLBS
1358,QURU,QU,Quercus,rubra,D07,MLBS
1395,QURU,QU,Quercus,rubra,D07,MLBS
1381,QURU,QU,Quercus,rubra,D07,MLBS
1366,QURU,QU,Quercus,rubra,D07,MLBS
1370,CAGL8,CA,Carya,glabra,D07,MLBS
1373,QURU,QU,Quercus,rubra,D07,MLBS
1359,QURU,QU,Quercus,rubra,D07,MLBS
1371,CAGL8,CA,Carya,glabra,D07,MLBS
1368,QURU,QU,Quercus,rubra,D07,MLBS
1364,QURU,QU,Quercus,rubra,D07,MLBS
1357,QURU,QU,Quercus,rubra,D07,MLBS
1354,QURU,QU,Quercus,rubra,D07,MLBS
1414,QUAL,QU,Quercus,alba,D07,MLBS
1405,QURU,QU,Quercus,rubra,D07,MLBS
1401,QURU,QU,Quercus,rubra,D07,MLBS
1409,ACRU,AC,Acer,rubrum,D07,MLBS
1404,QURU,QU,Quercus,rubra,D07,MLBS
1411,QURU,QU,Quercus,rubra,D07,MLBS
1408,QURU,QU,Quercus,rubra,D07,MLBS
1403,QURU,QU,Quercus,rubra,D07,MLBS
1406,QURU,QU,Quercus,rubra,D07,MLBS
1439,QUAL,QU,Quercus,alba,D07,MLBS
1441,QURU,QU,Quercus,rubra,D07,MLBS
1421,QUAL,QU,Quercus,alba,D07,MLBS
1420,QUAL,QU,Quercus,alba,D07,MLBS
1445,QURU,QU,Quercus,rubra,D07,MLBS
1429,LITU,LI,Liriodendron,tulipifera,D07,MLBS
1417,QUMO4,QU,Quercus,montana,D07,MLBS
1416,QURU,QU,Quercus,rubra,D07,MLBS
1431,LITU,LI,Liriodendron,tulipifera,D07,MLBS
1428,LITU,LI,Liriodendron,tulipifera,D07,MLBS
1419,ACRU,AC,Acer,rubrum,D07,MLBS
1443,QUAL,QU,Quercus,alba,D07,MLBS
1433,LITU,LI,Liriodendron,tulipifera,D07,MLBS
1422,QUAL,QU,Quercus,alba,D07,MLBS
1446,QURU,QU,Quercus,rubra,D07,MLBS
1424,LITU,LI,Liriodendron,tulipifera,D07,MLBS
1426,LITU,LI,Liriodendron,tulipifera,D07,MLBS
1432,LITU,LI,Liriodendron,tulipifera,D07,MLBS
1436,LITU,LI,Liriodendron,tulipifera,D07,MLBS
1430,LITU,LI,Liriodendron,tulipifera,D07,MLBS
1435,LITU,LI,Liriodendron,tulipifera,D07,MLBS
1423,LITU,LI,Liriodendron,tulipifera,D07,MLBS
1440,QUAL,QU,Quercus,alba,D07,MLBS
1449,PITA,PI,Pinus,taeda,D07,MLBS
1455,QUAL,QU,Quercus,alba,D07,MLBS
1453,QUAL,QU,Quercus,alba,D07,MLBS
1457,QUAL,QU,Quercus,alba,D07,MLBS
1458,QUAL,QU,Quercus,alba,D07,MLBS
1451,QUAL,QU,Quercus,alba,D07,MLBS
1454,QUAL,QU,Quercus,alba,D07,MLBS
1452,PITA,PI,Pinus,taeda,D07,MLBS
1450,PITA,PI,Pinus,taeda,D07,MLBS
1467,QUAL,QU,Quercus,alba,D07,MLBS
1471,QUAL,QU,Quercus,alba,D07,MLBS
1473,QUAL,QU,Quercus,alba,D07,MLBS
1472,TSCA,TS,Tsuga,canadensis,D07,MLBS
1460,TSCA,TS,Tsuga,canadensis,D07,MLBS
1468,QUAL,QU,Quercus,alba,D07,MLBS
1469,TSCA,TS,Tsuga,canadensis,D07,MLBS
1459,QUAL,QU,Quercus,alba,D07,MLBS
1474,QUAL,QU,Quercus,alba,D07,MLBS
1470,TSCA,TS,Tsuga,canadensis,D07,MLBS
1463,QUAL,QU,Quercus,alba,D07,MLBS
1479,QUAL,QU,Quercus,alba,D07,MLBS
1493,QURU,QU,Quercus,rubra,D07,MLBS
1487,QURU,QU,Quercus,rubra,D07,MLBS
1503,QURU,QU,Quercus,rubra,D07,MLBS
1500,QURU,QU,Quercus,rubra,D07,MLBS
1499,QURU,QU,Quercus,rubra,D07,MLBS
1508,QUAL,QU,Quercus,alba,D07,MLBS
1519,QURU,QU,Quercus,rubra,D07,MLBS
1512,QURU,QU,Quercus,rubra,D07,MLBS
1518,QURU,QU,Quercus,rubra,D07,MLBS
1515,QUAL,QU,Quercus,alba,D07,MLBS
1507,QURU,QU,Quercus,rubra,D07,MLBS
1490,QURU,QU,Quercus,rubra,D07,MLBS
1491,QUAL,QU,Quercus,alba,D07,MLBS
1492,QURU,QU,Quercus,rubra,D07,MLBS
1495,QURU,QU,Quercus,rubra,D07,MLBS
1485,QUAL,QU,Quercus,alba,D07,MLBS
1486,QURU,QU,Quercus,rubra,D07,MLBS
1481,QURU,QU,Quercus,rubra,D07,MLBS
1484,ACRU,AC,Acer,rubrum,D07,MLBS
1488,QURU,QU,Quercus,rubra,D07,MLBS
1483,QURU,QU,Quercus,rubra,D07,MLBS
1514,QUAL,QU,Quercus,alba,D07,MLBS
1511,QURU,QU,Quercus,rubra,D07,MLBS
1509,QUAL,QU,Quercus,alba,D07,MLBS
1502,QURU,QU,Quercus,rubra,D07,MLBS
1513,ACRU,AC,Acer,rubrum,D07,MLBS
1510,QURU,QU,Quercus,rubra,D07,MLBS
1496,ACRU,AC,Acer,rubrum,D07,MLBS
1501,QURU,QU,Quercus,rubra,D07,MLBS
1497,QURU,QU,Quercus,rubra,D07,MLBS
1489,QURU,QU,Quercus,rubra,D07,MLBS
1524,QUMO4,QU,Quercus,montana,D07,MLBS
1534,QURU,QU,Quercus,rubra,D07,MLBS
1536,QURU,QU,Quercus,rubra,D07,MLBS
1531,QUMO4,QU,Quercus,montana,D07,MLBS
1527,ACRU,AC,Acer,rubrum,D07,MLBS
1535,QURU,QU,Quercus,rubra,D07,MLBS
1526,QUMO4,QU,Quercus,montana,D07,MLBS
1523,QURU,QU,Quercus,rubra,D07,MLBS
1525,QUMO4,QU,Quercus,montana,D07,MLBS
1529,QUMO4,QU,Quercus,montana,D07,MLBS
1532,QUMO4,QU,Quercus,montana,D07,MLBS
1560,QUAL,QU,Quercus,alba,D07,MLBS
1561,ACRU,AC,Acer,rubrum,D07,MLBS
1558,QUCO2,QU,Quercus,coccinea,D07,MLBS
1557,QUCO2,QU,Quercus,coccinea,D07,MLBS
1549,QURU,QU,Quercus,rubra,D07,MLBS
1537,QURU,QU,Quercus,rubra,D07,MLBS
1540,QUAL,QU,Quercus,alba,D07,MLBS
1539,QUAL,QU,Quercus,alba,D07,MLBS
1541,QUAL,QU,Quercus,alba,D07,MLBS
1542,QUAL,QU,Quercus,alba,D07,MLBS
1563,ACRU,AC,Acer,rubrum,D07,MLBS
1553,QUCO2,QU,Quercus,coccinea,D07,MLBS
1550,QURU,QU,Quercus,rubra,D07,MLBS
1554,QUCO2,QU,Quercus,coccinea,D07,MLBS
1546,QUCO2,QU,Quercus,coccinea,D07,MLBS
1547,QURU,QU,Quercus,rubra,D07,MLBS
1564,QUAL,QU,Quercus,alba,D07,MLBS
1562,QUAL,QU,Quercus,alba,D07,MLBS
1555,QUCO2,QU,Quercus,coccinea,D07,MLBS
1548,QURU,QU,Quercus,rubra,D07,MLBS
1559,QUCO2,QU,Quercus,coccinea,D07,MLBS
1574,QURU,QU,Quercus,rubra,D07,MLBS
1568,QUAL,QU,Quercus,alba,D07,MLBS
1577,QUAL,QU,Quercus,alba,D07,MLBS
1575,QUAL,QU,Quercus,alba,D07,MLBS
1571,QURU,QU,Quercus,rubra,D07,MLBS
1566,LITU,LI,Liriodendron,tulipifera,D07,MLBS
1569,LITU,LI,Liriodendron,tulipifera,D07,MLBS
1567,LITU,LI,Liriodendron,tulipifera,D07,MLBS
1570,QURU,QU,Quercus,rubra,D07,MLBS
1576,QUAL,QU,Quercus,alba,D07,MLBS
1580,ACRU,AC,Acer,rubrum,D07,MLBS
1572,LITU,LI,Liriodendron,tulipifera,D07,MLBS
2067,PICO,PI,Pinus,contorta,D13,NIWO
2055,PICO,PI,Pinus,contorta,D13,NIWO
2063,PICO,PI,Pinus,contorta,D13,NIWO
2068,PICO,PI,Pinus,contorta,D13,NIWO
2047,PICO,PI,Pinus,contorta,D13,NIWO
2027,PICO,PI,Pinus,contorta,D13,NIWO
2061,PICO,PI,Pinus,contorta,D13,NIWO
2049,PICO,PI,Pinus,contorta,D13,NIWO
2060,PICO,PI,Pinus,contorta,D13,NIWO
2070,PICO,PI,Pinus,contorta,D13,NIWO
2050,PICO,PI,Pinus,contorta,D13,NIWO
2054,PICO,PI,Pinus,contorta,D13,NIWO
2032,PICO,PI,Pinus,contorta,D13,NIWO
2035,PICO,PI,Pinus,contorta,D13,NIWO
2081,PICO,PI,Pinus,contorta,D13,NIWO
2036,PICO,PI,Pinus,contorta,D13,NIWO
2029,PICO,PI,Pinus,contorta,D13,NIWO
2069,PICO,PI,Pinus,contorta,D13,NIWO
2074,PICO,PI,Pinus,contorta,D13,NIWO
2045,PICO,PI,Pinus,contorta,D13,NIWO
2033,PICO,PI,Pinus,contorta,D13,NIWO
2058,PICO,PI,Pinus,contorta,D13,NIWO
2065,PICO,PI,Pinus,contorta,D13,NIWO
2048,PICO,PI,Pinus,contorta,D13,NIWO
2043,PICO,PI,Pinus,contorta,D13,NIWO
2057,PICO,PI,Pinus,contorta,D13,NIWO
2073,PICO,PI,Pinus,contorta,D13,NIWO
2052,PICO,PI,Pinus,contorta,D13,NIWO
2066,PICO,PI,Pinus,contorta,D13,NIWO
2025,PICO,PI,Pinus,contorta,D13,NIWO
2039,PICO,PI,Pinus,contorta,D13,NIWO
2026,PICO,PI,Pinus,contorta,D13,NIWO
2056,PICO,PI,Pinus,contorta,D13,NIWO
2034,PICO,PI,Pinus,contorta,D13,NIWO
2038,PICO,PI,Pinus,contorta,D13,NIWO
2071,PICO,PI,Pinus,contorta,D13,NIWO
2046,PICO,PI,Pinus,contorta,D13,NIWO
2059,PICO,PI,Pinus,contorta,D13,NIWO
2075,PICO,PI,Pinus,contorta,D13,NIWO
2028,PICO,PI,Pinus,contorta,D13,NIWO
2062,PICO,PI,Pinus,contorta,D13,NIWO
2040,PICO,PI,Pinus,contorta,D13,NIWO
2030,PICO,PI,Pinus,contorta,D13,NIWO
2041,PICO,PI,Pinus,contorta,D13,NIWO
2077,PICO,PI,Pinus,contorta,D13,NIWO
2064,PICO,PI,Pinus,contorta,D13,NIWO
2044,PICO,PI,Pinus,contorta,D13,NIWO
2080,PICO,PI,Pinus,contorta,D13,NIWO
2082,PICO,PI,Pinus,contorta,D13,NIWO
2076,PICO,PI,Pinus,contorta,D13,NIWO
2130,PIEN,PI,Picea,engelmannii,D13,NIWO
2139,PIEN,PI,Picea,engelmannii,D13,NIWO
2103,ABLAL,AB,Abies,lasiocarpa,D13,NIWO
2138,PIEN,PI,Picea,engelmannii,D13,NIWO
2126,PIFL2,PI,Pinus,flexilis,D13,NIWO
2085,PIFL2,PI,Pinus,flexilis,D13,NIWO
2101,ABLAL,AB,Abies,lasiocarpa,D13,NIWO
2100,ABLAL,AB,Abies,lasiocarpa,D13,NIWO
2098,PIEN,PI,Picea,engelmannii,D13,NIWO
2127,PIFL2,PI,Pinus,flexilis,D13,NIWO
2136,PIEN,PI,Picea,engelmannii,D13,NIWO
2099,ABLAL,AB,Abies,lasiocarpa,D13,NIWO
2091,PIFL2,PI,Pinus,flexilis,D13,NIWO
2128,PIEN,PI,Picea,engelmannii,D13,NIWO
2092,PIEN,PI,Picea,engelmannii,D13,NIWO
2102,ABLAL,AB,Abies,lasiocarpa,D13,NIWO
2087,PIFL2,PI,Pinus,flexilis,D13,NIWO
2095,PIEN,PI,Picea,engelmannii,D13,NIWO
2129,PIEN,PI,Picea,engelmannii,D13,NIWO
2084,PIFL2,PI,Pinus,flexilis,D13,NIWO
2088,PIFL2,PI,Pinus,flexilis,D13,NIWO
2093,PIEN,PI,Picea,engelmannii,D13,NIWO
2094,PIEN,PI,Picea,engelmannii,D13,NIWO
2104,ABLAL,AB,Abies,lasiocarpa,D13,NIWO
2090,PIFL2,PI,Pinus,flexilis,D13,NIWO
2125,PIFL2,PI,Pinus,flexilis,D13,NIWO
2123,ABLAL,AB,Abies,lasiocarpa,D13,NIWO
2124,ABLAL,AB,Abies,lasiocarpa,D13,NIWO
2135,PIEN,PI,Picea,engelmannii,D13,NIWO
2089,PIFL2,PI,Pinus,flexilis,D13,NIWO
2133,PIEN,PI,Picea,engelmannii,D13,NIWO
2132,PIEN,PI,Picea,engelmannii,D13,NIWO
2086,ABLAL,AB,Abies,lasiocarpa,D13,NIWO
2083,PICO,PI,Pinus,contorta,D13,NIWO
2106,ABLAL,AB,Abies,lasiocarpa,D13,NIWO
2108,PIFL2,PI,Pinus,flexilis,D13,NIWO
2107,PIFL2,PI,Pinus,flexilis,D13,NIWO
2120,PIFL2,PI,Pinus,flexilis,D13,NIWO
2211,ABLAL,AB,Abies,lasiocarpa,D13,NIWO
2191,PIEN,PI,Picea,engelmannii,D13,NIWO
2199,PIEN,PI,Picea,engelmannii,D13,NIWO
2204,ABLAL,AB,Abies,lasiocarpa,D13,NIWO
2215,PIEN,PI,Picea,engelmannii,D13,NIWO
2205,ABLAL,AB,Abies,lasiocarpa,D13,NIWO
2110,PICO,PI,Pinus,contorta,D13,NIWO
2219,ABLAL,AB,Abies,lasiocarpa,D13,NIWO
2193,ABLAL,AB,Abies,lasiocarpa,D13,NIWO
2187,ABLAL,AB,Abies,lasiocarpa,D13,NIWO
2196,ABLAL,AB,Abies,lasiocarpa,D13,NIWO
2189,ABLAL,AB,Abies,lasiocarpa,D13,NIWO
2212,ABLAL,AB,Abies,lasiocarpa,D13,NIWO
2197,PIEN,PI,Picea,engelmannii,D13,NIWO
2206,ABLAL,AB,Abies,lasiocarpa,D13,NIWO
2207,ABLAL,AB,Abies,lasiocarpa,D13,NIWO
2118,PIFL2,PI,Pinus,flexilis,D13,NIWO
2122,PIFL2,PI,Pinus,flexilis,D13,NIWO
2116,PIFL2,PI,Pinus,flexilis,D13,NIWO
2117,PIFL2,PI,Pinus,flexilis,D13,NIWO
2186,ABLAL,AB,Abies,lasiocarpa,D13,NIWO
2192,ABLAL,AB,Abies,lasiocarpa,D13,NIWO
2200,ABLAL,AB,Abies,lasiocarpa,D13,NIWO
2190,ABLAL,AB,Abies,lasiocarpa,D13,NIWO
2213,PIFL2,PI,Pinus,flexilis,D13,NIWO
2121,PICO,PI,Pinus,contorta,D13,NIWO
2114,ABLAL,AB,Abies,lasiocarpa,D13,NIWO
2216,ABLAL,AB,Abies,lasiocarpa,D13,NIWO
2203,PIEN,PI,Picea,engelmannii,D13,NIWO
2208,ABLAL,AB,Abies,lasiocarpa,D13,NIWO
2214,ABLAL,AB,Abies,lasiocarpa,D13,NIWO
2188,ABLAL,AB,Abies,lasiocarpa,D13,NIWO
2113,PIFL2,PI,Pinus,flexilis,D13,NIWO
2112,PIFL2,PI,Pinus,flexilis,D13,NIWO
2181,ABLAL,AB,Abies,lasiocarpa,D13,NIWO
2154,ABLAL,AB,Abies,lasiocarpa,D13,NIWO
2162,PIEN,PI,Picea,engelmannii,D13,NIWO
2245,PIEN,PI,Picea,engelmannii,D13,NIWO
2244,PIEN,PI,Picea,engelmannii,D13,NIWO
2233,PIEN,PI,Picea,engelmannii,D13,NIWO
2243,PIEN,PI,Picea,engelmannii,D13,NIWO
2157,PIEN,PI,Picea,engelmannii,D13,NIWO
2177,ABLAL,AB,Abies,lasiocarpa,D13,NIWO
2160,PIEN,PI,Picea,engelmannii,D13,NIWO
2159,ABLAL,AB,Abies,lasiocarpa,D13,NIWO
2255,PIEN,PI,Picea,engelmannii,D13,NIWO
2178,ABLAL,AB,Abies,lasiocarpa,D13,NIWO
2235,PIEN,PI,Picea,engelmannii,D13,NIWO
2234,PIEN,PI,Picea,engelmannii,D13,NIWO
2221,PIFL2,PI,Pinus,flexilis,D13,NIWO
2237,PIEN,PI,Picea,engelmannii,D13,NIWO
2152,ABLAL,AB,Abies,lasiocarpa,D13,NIWO
2140,PIEN,PI,Picea,engelmannii,D13,NIWO
2150,ABLAL,AB,Abies,lasiocarpa,D13,NIWO
2183,PIEN,PI,Picea,engelmannii,D13,NIWO
2239,PIEN,PI,Picea,engelmannii,D13,NIWO
2222,PIFL2,PI,Pinus,flexilis,D13,NIWO
2248,PIEN,PI,Picea,engelmannii,D13,NIWO
2226,PIFL2,PI,Pinus,flexilis,D13,NIWO
2254,ABLAL,AB,Abies,lasiocarpa,D13,NIWO
2251,ABLAL,AB,Abies,lasiocarpa,D13,NIWO
2170,ABLAL,AB,Abies,lasiocarpa,D13,NIWO
2180,PIEN,PI,Picea,engelmannii,D13,NIWO
2156,ABLAL,AB,Abies,lasiocarpa,D13,NIWO
2185,ABLAL,AB,Abies,lasiocarpa,D13,NIWO
2231,PIEN,PI,Picea,engelmannii,D13,NIWO
2258,PIEN,PI,Picea,engelmannii,D13,NIWO
2175,ABLAL,AB,Abies,lasiocarpa,D13,NIWO
2145,ABLAL,AB,Abies,lasiocarpa,D13,NIWO
2240,PIEN,PI,Picea,engelmannii,D13,NIWO
2232,PIFL2,PI,Pinus,flexilis,D13,NIWO
2246,PIEN,PI,Picea,engelmannii,D13,NIWO
2228,PIEN,PI,Picea,engelmannii,D13,NIWO
2242,PIEN,PI,Picea,engelmannii,D13,NIWO
2169,ABLAL,AB,Abies,lasiocarpa,D13,NIWO
2250,PIEN,PI,Picea,engelmannii,D13,NIWO
2165,ABLAL,AB,Abies,lasiocarpa,D13,NIWO
2148,PIEN,PI,Picea,engelmannii,D13,NIWO
2249,ABLAL,AB,Abies,lasiocarpa,D13,NIWO
2256,ABLAL,AB,Abies,lasiocarpa,D13,NIWO
2163,ABLAL,AB,Abies,lasiocarpa,D13,NIWO
2176,ABLAL,AB,Abies,lasiocarpa,D13,NIWO
2227,PIFL2,PI,Pinus,flexilis,D13,NIWO
2236,PIEN,PI,Picea,engelmannii,D13,NIWO
2224,PIEN,PI,Picea,engelmannii,D13,NIWO
2166,ABLAL,AB,Abies,lasiocarpa,D13,NIWO
2149,PIEN,PI,Picea,engelmannii,D13,NIWO
2155,PIEN,PI,Picea,engelmannii,D13,NIWO
2184,PIEN,PI,Picea,engelmannii,D13,NIWO
2153,ABLAL,AB,Abies,lasiocarpa,D13,NIWO
2182,ABLAL,AB,Abies,lasiocarpa,D13,NIWO
2247,PIEN,PI,Picea,engelmannii,D13,NIWO
2223,PIEN,PI,Picea,engelmannii,D13,NIWO
2144,PIEN,PI,Picea,engelmannii,D13,NIWO
2179,PIEN,PI,Picea,engelmannii,D13,NIWO
2172,PIEN,PI,Picea,engelmannii,D13,NIWO
2173,PIEN,PI,Picea,engelmannii,D13,NIWO
2174,PIEN,PI,Picea,engelmannii,D13,NIWO
2257,ABLAL,AB,Abies,lasiocarpa,D13,NIWO
2230,PIEN,PI,Picea,engelmannii,D13,NIWO
2287,PIEN,PI,Picea,engelmannii,D13,NIWO
2263,PIEN,PI,Picea,engelmannii,D13,NIWO
2291,ABLAL,AB,Abies,lasiocarpa,D13,NIWO
2290,ABLAL,AB,Abies,lasiocarpa,D13,NIWO
2292,ABLAL,AB,Abies,lasiocarpa,D13,NIWO
2268,PIEN,PI,Picea,engelmannii,D13,NIWO
2277,PIEN,PI,Picea,engelmannii,D13,NIWO
2293,PIEN,PI,Picea,engelmannii,D13,NIWO
2279,ABLAL,AB,Abies,lasiocarpa,D13,NIWO
2273,PIEN,PI,Picea,engelmannii,D13,NIWO
2288,ABLAL,AB,Abies,lasiocarpa,D13,NIWO
2262,PIEN,PI,Picea,engelmannii,D13,NIWO
2269,ABLAL,AB,Abies,lasiocarpa,D13,NIWO
2259,PIEN,PI,Picea,engelmannii,D13,NIWO
2286,ABLAL,AB,Abies,lasiocarpa,D13,NIWO
2276,PIEN,PI,Picea,engelmannii,D13,NIWO
2264,ABLAL,AB,Abies,lasiocarpa,D13,NIWO
2265,ABLAL,AB,Abies,lasiocarpa,D13,NIWO
2272,PIEN,PI,Picea,engelmannii,D13,NIWO
2260,ABLAL,AB,Abies,lasiocarpa,D13,NIWO
2271,PIEN,PI,Picea,engelmannii,D13,NIWO
2270,ABLAL,AB,Abies,lasiocarpa,D13,NIWO
2284,ABLAL,AB,Abies,lasiocarpa,D13,NIWO
2267,ABLAL,AB,Abies,lasiocarpa,D13,NIWO
2297,ABLAL,AB,Abies,lasiocarpa,D13,NIWO
2275,PIEN,PI,Picea,engelmannii,D13,NIWO
2300,ABLAL,AB,Abies,lasiocarpa,D13,NIWO
2266,ABLAL,AB,Abies,lasiocarpa,D13,NIWO
2299,ABLAL,AB,Abies,lasiocarpa,D13,NIWO
2298,ABLAL,AB,Abies,lasiocarpa,D13,NIWO
2280,ABLAL,AB,Abies,lasiocarpa,D13,NIWO
2282,PIEN,PI,Picea,engelmannii,D13,NIWO
2261,ABLAL,AB,Abies,lasiocarpa,D13,NIWO
2281,PIEN,PI,Picea,engelmannii,D13,NIWO
2278,ABLAL,AB,Abies,lasiocarpa,D13,NIWO
2366,ABLAL,AB,Abies,lasiocarpa,D13,NIWO
2330,PICO,PI,Pinus,contorta,D13,NIWO
2379,PICO,PI,Pinus,contorta,D13,NIWO
2345,ABLAL,AB,Abies,lasiocarpa,D13,NIWO
2304,ABLAL,AB,Abies,lasiocarpa,D13,NIWO
2381,PIEN,PI,Picea,engelmannii,D13,NIWO
2375,ABLAL,AB,Abies,lasiocarpa,D13,NIWO
2328,PIEN,PI,Picea,engelmannii,D13,NIWO
2315,ABLAL,AB,Abies,lasiocarpa,D13,NIWO
2325,PICO,PI,Pinus,contorta,D13,NIWO
2359,ABLAL,AB,Abies,lasiocarpa,D13,NIWO
2380,ABLAL,AB,Abies,lasiocarpa,D13,NIWO
2336,PICO,PI,Pinus,contorta,D13,NIWO
2338,PIEN,PI,Picea,engelmannii,D13,NIWO
2316,ABLAL,AB,Abies,lasiocarpa,D13,NIWO
2343,PIEN,PI,Picea,engelmannii,D13,NIWO
2333,PIEN,PI,Picea,engelmannii,D13,NIWO
2352,PICO,PI,Pinus,contorta,D13,NIWO
2360,ABLAL,AB,Abies,lasiocarpa,D13,NIWO
2376,ABLAL,AB,Abies,lasiocarpa,D13,NIWO
2344,PIEN,PI,Picea,engelmannii,D13,NIWO
2341,PIEN,PI,Picea,engelmannii,D13,NIWO
2302,ABLAL,AB,Abies,lasiocarpa,D13,NIWO
2323,ABLAL,AB,Abies,lasiocarpa,D13,NIWO
2311,ABLAL,AB,Abies,lasiocarpa,D13,NIWO
2340,PIEN,PI,Picea,engelmannii,D13,NIWO
2308,ABLAL,AB,Abies,lasiocarpa,D13,NIWO
2327,PICO,PI,Pinus,contorta,D13,NIWO
2309,ABLAL,AB,Abies,lasiocarpa,D13,NIWO
2348,PICO,PI,Pinus,contorta,D13,NIWO
2378,PIEN,PI,Picea,engelmannii,D13,NIWO
2346,ABLAL,AB,Abies,lasiocarpa,D13,NIWO
2351,PIEN,PI,Picea,engelmannii,D13,NIWO
2320,ABLAL,AB,Abies,lasiocarpa,D13,NIWO
2334,PICO,PI,Pinus,contorta,D13,NIWO
2318,PIEN,PI,Picea,engelmannii,D13,NIWO
2319,ABLAL,AB,Abies,lasiocarpa,D13,NIWO
2377,ABLAL,AB,Abies,lasiocarpa,D13,NIWO
2335,PIEN,PI,Picea,engelmannii,D13,NIWO
2332,PIEN,PI,Picea,engelmannii,D13,NIWO
2322,PIEN,PI,Picea,engelmannii,D13,NIWO
2342,PICO,PI,Pinus,contorta,D13,NIWO
2349,PICO,PI,Pinus,contorta,D13,NIWO
2354,PIEN,PI,Picea,engelmannii,D13,NIWO
2365,PIEN,PI,Picea,engelmannii,D13,NIWO
2356,PIEN,PI,Picea,engelmannii,D13,NIWO
2355,ABLAL,AB,Abies,lasiocarpa,D13,NIWO
2337,PICO,PI,Pinus,contorta,D13,NIWO
2307,PIEN,PI,Picea,engelmannii,D13,NIWO
2329,ABLAL,AB,Abies,lasiocarpa,D13,NIWO
2326,PICO,PI,Pinus,contorta,D13,NIWO
2363,ABLAL,AB,Abies,lasiocarpa,D13,NIWO
2353,ABLAL,AB,Abies,lasiocarpa,D13,NIWO
2357,PICO,PI,Pinus,contorta,D13,NIWO
2373,PIEN,PI,Picea,engelmannii,D13,NIWO
2382,PIFL2,PI,Pinus,flexilis,D13,NIWO
2399,PIEN,PI,Picea,engelmannii,D13,NIWO
2370,PIEN,PI,Picea,engelmannii,D13,NIWO
2374,ABLAL,AB,Abies,lasiocarpa,D13,NIWO
2389,ABLAL,AB,Abies,lasiocarpa,D13,NIWO
2400,ABLAL,AB,Abies,lasiocarpa,D13,NIWO
2395,ABLAL,AB,Abies,lasiocarpa,D13,NIWO
2398,ABLAL,AB,Abies,lasiocarpa,D13,NIWO
2394,ABLAL,AB,Abies,lasiocarpa,D13,NIWO
2386,ABLAL,AB,Abies,lasiocarpa,D13,NIWO
2402,ABLAL,AB,Abies,lasiocarpa,D13,NIWO
2390,ABLAL,AB,Abies,lasiocarpa,D13,NIWO
2388,PIEN,PI,Picea,engelmannii,D13,NIWO
2391,PIEN,PI,Picea,engelmannii,D13,NIWO
2383,PIEN,PI,Picea,engelmannii,D13,NIWO
2401,PIEN,PI,Picea,engelmannii,D13,NIWO
2367,PIEN,PI,Picea,engelmannii,D13,NIWO
2387,PIEN,PI,Picea,engelmannii,D13,NIWO
2392,ABLAL,AB,Abies,lasiocarpa,D13,NIWO
2385,PIEN,PI,Picea,engelmannii,D13,NIWO
2420,PICO,PI,Pinus,contorta,D13,NIWO
2412,PICO,PI,Pinus,contorta,D13,NIWO
2424,PICO,PI,Pinus,contorta,D13,NIWO
2404,PICO,PI,Pinus,contorta,D13,NIWO
2423,PICO,PI,Pinus,contorta,D13,NIWO
2411,PICO,PI,Pinus,contorta,D13,NIWO
2477,PICO,PI,Pinus,contorta,D13,NIWO
2432,PICO,PI,Pinus,contorta,D13,NIWO
2405,PICO,PI,Pinus,contorta,D13,NIWO
2406,PICO,PI,Pinus,contorta,D13,NIWO
2426,PICO,PI,Pinus,contorta,D13,NIWO
2434,PICO,PI,Pinus,contorta,D13,NIWO
2417,PICO,PI,Pinus,contorta,D13,NIWO
2414,PICO,PI,Pinus,contorta,D13,NIWO
2427,PIEN,PI,Picea,engelmannii,D13,NIWO
2422,PICO,PI,Pinus,contorta,D13,NIWO
2478,PICO,PI,Pinus,contorta,D13,NIWO
2419,PICO,PI,Pinus,contorta,D13,NIWO
2425,PICO,PI,Pinus,contorta,D13,NIWO
2479,PIEN,PI,Picea,engelmannii,D13,NIWO
2408,PICO,PI,Pinus,contorta,D13,NIWO
2403,PICO,PI,Pinus,contorta,D13,NIWO
2421,PICO,PI,Pinus,contorta,D13,NIWO
2481,PICO,PI,Pinus,contorta,D13,NIWO
2431,PICO,PI,Pinus,contorta,D13,NIWO
2436,PIEN,PI,Picea,engelmannii,D13,NIWO
2475,ABLAL,AB,Abies,lasiocarpa,D13,NIWO
2470,ABLAL,AB,Abies,lasiocarpa,D13,NIWO
2443,ABLAL,AB,Abies,lasiocarpa,D13,NIWO
2446,ABLAL,AB,Abies,lasiocarpa,D13,NIWO
2463,ABLAL,AB,Abies,lasiocarpa,D13,NIWO
2451,ABLAL,AB,Abies,lasiocarpa,D13,NIWO
2468,PIEN,PI,Picea,engelmannii,D13,NIWO
2444,ABLAL,AB,Abies,lasiocarpa,D13,NIWO
2435,PIEN,PI,Picea,engelmannii,D13,NIWO
2457,ABLAL,AB,Abies,lasiocarpa,D13,NIWO
2458,ABLAL,AB,Abies,lasiocarpa,D13,NIWO
2442,PIEN,PI,Picea,engelmannii,D13,NIWO
2473,ABLAL,AB,Abies,lasiocarpa,D13,NIWO
2447,ABLAL,AB,Abies,lasiocarpa,D13,NIWO
2450,PIEN,PI,Picea,engelmannii,D13,NIWO
2441,ABLAL,AB,Abies,lasiocarpa,D13,NIWO
2462,ABLAL,AB,Abies,lasiocarpa,D13,NIWO
2449,ABLAL,AB,Abies,lasiocarpa,D13,NIWO
2454,PIEN,PI,Picea,engelmannii,D13,NIWO
2471,ABLAL,AB,Abies,lasiocarpa,D13,NIWO
2452,ABLAL,AB,Abies,lasiocarpa,D13,NIWO
2476,ABLAL,AB,Abies,lasiocarpa,D13,NIWO
2439,ABLAL,AB,Abies,lasiocarpa,D13,NIWO
2448,PIEN,PI,Picea,engelmannii,D13,NIWO
2464,PIEN,PI,Picea,engelmannii,D13,NIWO
2455,PIEN,PI,Picea,engelmannii,D13,NIWO
2461,ABLAL,AB,Abies,lasiocarpa,D13,NIWO
2445,PIEN,PI,Picea,engelmannii,D13,NIWO
2467,PIEN,PI,Picea,engelmannii,D13,NIWO
2474,ABLAL,AB,Abies,lasiocarpa,D13,NIWO
2465,PIEN,PI,Picea,engelmannii,D13,NIWO
2410,PICO,PI,Pinus,contorta,D13,NIWO
2415,PICO,PI,Pinus,contorta,D13,NIWO
2416,PICO,PI,Pinus,contorta,D13,NIWO
2413,PICO,PI,Pinus,contorta,D13,NIWO
2487,ABLAL,AB,Abies,lasiocarpa,D13,NIWO
2371,PIEN,PI,Picea,engelmannii,D13,NIWO
2285,ABLAL,AB,Abies,lasiocarpa,D13,NIWO
2283,PIEN,PI,Picea,engelmannii,D13,NIWO
2361,ABLAL,AB,Abies,lasiocarpa,D13,NIWO
2305,ABLAL,AB,Abies,lasiocarpa,D13,NIWO
2306,ABLAL,AB,Abies,lasiocarpa,D13,NIWO
2488,PICO,PI,Pinus,contorta,D13,NIWO
2484,ABLAL,AB,Abies,lasiocarpa,D13,NIWO
2252,ABLAL,AB,Abies,lasiocarpa,D13,NIWO
2485,ABLAL,AB,Abies,lasiocarpa,D13,NIWO
2164,ABLAL,AB,Abies,lasiocarpa,D13,NIWO
2486,ABLAL,AB,Abies,lasiocarpa,D13,NIWO
1902,ELAN,EL,Elaeagnus,angustifolia,D09,NOGP
1904,ELAN,EL,Elaeagnus,angustifolia,D09,NOGP
1903,ELAN,EL,Elaeagnus,angustifolia,D09,NOGP
759,PIPA2,PI,Pinus,palustris,D03,OSBS
760,PIPA2,PI,Pinus,palustris,D03,OSBS
758,PIPA2,PI,Pinus,palustris,D03,OSBS
770,PIPA2,PI,Pinus,palustris,D03,OSBS
766,PIPA2,PI,Pinus,palustris,D03,OSBS
768,PIPA2,PI,Pinus,palustris,D03,OSBS
765,PIPA2,PI,Pinus,palustris,D03,OSBS
753,PIPA2,PI,Pinus,palustris,D03,OSBS
754,PIPA2,PI,Pinus,palustris,D03,OSBS
755,PIPA2,PI,Pinus,palustris,D03,OSBS
757,PIPA2,PI,Pinus,palustris,D03,OSBS
774,PIEL,PI,Pinus,elliottii,D03,OSBS
776,PIEL,PI,Pinus,elliottii,D03,OSBS
772,PIEL,PI,Pinus,elliottii,D03,OSBS
837,QUHE2,QU,Quercus,hemisphaerica,D03,OSBS
836,QUGE2,QU,Quercus,geminata,D03,OSBS
838,QUGE2,QU,Quercus,geminata,D03,OSBS
773,QUHE2,QU,Quercus,hemisphaerica,D03,OSBS
775,PIEL,PI,Pinus,elliottii,D03,OSBS
771,PIEL,PI,Pinus,elliottii,D03,OSBS
785,PIPA2,PI,Pinus,palustris,D03,OSBS
779,PIPA2,PI,Pinus,palustris,D03,OSBS
780,PIPA2,PI,Pinus,palustris,D03,OSBS
781,PIPA2,PI,Pinus,palustris,D03,OSBS
782,PIPA2,PI,Pinus,palustris,D03,OSBS
795,PIPA2,PI,Pinus,palustris,D03,OSBS
794,PIPA2,PI,Pinus,palustris,D03,OSBS
793,PIPA2,PI,Pinus,palustris,D03,OSBS
796,PIPA2,PI,Pinus,palustris,D03,OSBS
797,PIPA2,PI,Pinus,palustris,D03,OSBS
788,QUGE2,QU,Quercus,geminata,D03,OSBS
777,PIPA2,PI,Pinus,palustris,D03,OSBS
791,PIPA2,PI,Pinus,palustris,D03,OSBS
787,PIPA2,PI,Pinus,palustris,D03,OSBS
789,PIPA2,PI,Pinus,palustris,D03,OSBS
786,PIPA2,PI,Pinus,palustris,D03,OSBS
801,PIPA2,PI,Pinus,palustris,D03,OSBS
805,PIPA2,PI,Pinus,palustris,D03,OSBS
800,PIPA2,PI,Pinus,palustris,D03,OSBS
808,PIPA2,PI,Pinus,palustris,D03,OSBS
810,PIPA2,PI,Pinus,palustris,D03,OSBS
813,PIPA2,PI,Pinus,palustris,D03,OSBS
804,PIPA2,PI,Pinus,palustris,D03,OSBS
798,PIPA2,PI,Pinus,palustris,D03,OSBS
814,PIPA2,PI,Pinus,palustris,D03,OSBS
817,PIPA2,PI,Pinus,palustris,D03,OSBS
806,PIPA2,PI,Pinus,palustris,D03,OSBS
807,PIPA2,PI,Pinus,palustris,D03,OSBS
815,PIPA2,PI,Pinus,palustris,D03,OSBS
816,QUGE2,QU,Quercus,geminata,D03,OSBS
802,PIPA2,PI,Pinus,palustris,D03,OSBS
811,QUHE2,QU,Quercus,hemisphaerica,D03,OSBS
823,QUHE2,QU,Quercus,hemisphaerica,D03,OSBS
833,PIEL,PI,Pinus,elliottii,D03,OSBS
830,QUHE2,QU,Quercus,hemisphaerica,D03,OSBS
826,QUHE2,QU,Quercus,hemisphaerica,D03,OSBS
827,QUHE2,QU,Quercus,hemisphaerica,D03,OSBS
829,QUHE2,QU,Quercus,hemisphaerica,D03,OSBS
828,QUHE2,QU,Quercus,hemisphaerica,D03,OSBS
820,PIPA2,PI,Pinus,palustris,D03,OSBS
822,QUGE2,QU,Quercus,geminata,D03,OSBS
818,PIPA2,PI,Pinus,palustris,D03,OSBS
839,PIPA2,PI,Pinus,palustris,D03,OSBS
492,LITU,LI,Liriodendron,tulipifera,D02,SCBI
497,JUNI,JU,Juglans,nigra,D02,SCBI
502,JUNI,JU,Juglans,nigra,D02,SCBI
501,FRAM2,FR,Fraxinus,americana,D02,SCBI
499,ACNEN,AC,Acer,negundo,D02,SCBI
505,FRAM2,FR,Fraxinus,americana,D02,SCBI
512,QURU,QU,Quercus,rubra,D02,SCBI
508,QURU,QU,Quercus,rubra,D02,SCBI
511,QURU,QU,Quercus,rubra,D02,SCBI
507,LITU,LI,Liriodendron,tulipifera,D02,SCBI
516,CACO15,CA,Carya,cordiformis,D02,SCBI
504,LITU,LI,Liriodendron,tulipifera,D02,SCBI
519,LITU,LI,Liriodendron,tulipifera,D02,SCBI
515,LITU,LI,Liriodendron,tulipifera,D02,SCBI
522,QURU,QU,Quercus,rubra,D02,SCBI
518,CAOV3,CA,Carya,ovalis,D02,SCBI
523,CAOV3,CA,Carya,ovalis,D02,SCBI
527,CAOV3,CA,Carya,ovalis,D02,SCBI
517,LITU,LI,Liriodendron,tulipifera,D02,SCBI
532,LITU,LI,Liriodendron,tulipifera,D02,SCBI
528,LITU,LI,Liriodendron,tulipifera,D02,SCBI
531,LITU,LI,Liriodendron,tulipifera,D02,SCBI
530,LITU,LI,Liriodendron,tulipifera,D02,SCBI
487,JUNI,JU,Juglans,nigra,D02,SCBI
488,FRAM2,FR,Fraxinus,americana,D02,SCBI
486,FRAM2,FR,Fraxinus,americana,D02,SCBI
537,CACO15,CA,Carya,cordiformis,D02,SCBI
539,ACNEN,AC,Acer,negundo,D02,SCBI
534,ACNEN,AC,Acer,negundo,D02,SCBI
533,ACNEN,AC,Acer,negundo,D02,SCBI
536,ACNEN,AC,Acer,negundo,D02,SCBI
490,FRAM2,FR,Fraxinus,americana,D02,SCBI
550,CEOC,CE,Celtis,occidentalis,D02,SCBI
546,FRAM2,FR,Fraxinus,americana,D02,SCBI
549,CEOC,CE,Celtis,occidentalis,D02,SCBI
551,CEOC,CE,Celtis,occidentalis,D02,SCBI
548,CEOC,CE,Celtis,occidentalis,D02,SCBI
553,CEOC,CE,Celtis,occidentalis,D02,SCBI
541,ACNEN,AC,Acer,negundo,D02,SCBI
547,CACO15,CA,Carya,cordiformis,D02,SCBI
542,ACNEN,AC,Acer,negundo,D02,SCBI
543,ACNEN,AC,Acer,negundo,D02,SCBI
561,ACNEN,AC,Acer,negundo,D02,SCBI
560,ACNEN,AC,Acer,negundo,D02,SCBI
559,ACNEN,AC,Acer,negundo,D02,SCBI
572,LIST2,LI,Liquidambar,styraciflua,D02,SERC
563,LIST2,LI,Liquidambar,styraciflua,D02,SERC
568,LIST2,LI,Liquidambar,styraciflua,D02,SERC
573,ACRU,AC,Acer,rubrum,D02,SERC
564,LIST2,LI,Liquidambar,styraciflua,D02,SERC
570,ACRU,AC,Acer,rubrum,D02,SERC
574,LIST2,LI,Liquidambar,styraciflua,D02,SERC
562,SASSA,SA,Sassafras,sp.,D02,SERC
569,ACRU,AC,Acer,rubrum,D02,SERC
571,LIST2,LI,Liquidambar,styraciflua,D02,SERC
565,LIST2,LI,Liquidambar,styraciflua,D02,SERC
576,LITU,LI,Liriodendron,tulipifera,D02,SERC
619,NYSY,NY,Nyssa,sylvatica,D02,SERC
575,LITU,LI,Liriodendron,tulipifera,D02,SERC
616,LIST2,LI,Liquidambar,styraciflua,D02,SERC
614,FAGR,FA,Fagus,grandifolia,D02,SERC
593,LITU,LI,Liriodendron,tulipifera,D02,SERC
590,LIST2,LI,Liquidambar,styraciflua,D02,SERC
591,LIST2,LI,Liquidambar,styraciflua,D02,SERC
592,LIST2,LI,Liquidambar,styraciflua,D02,SERC
594,LITU,LI,Liriodendron,tulipifera,D02,SERC
581,LIST2,LI,Liquidambar,styraciflua,D02,SERC
611,LITU,LI,Liriodendron,tulipifera,D02,SERC
608,LITU,LI,Liriodendron,tulipifera,D02,SERC
583,LIST2,LI,Liquidambar,styraciflua,D02,SERC
584,NYSY,NY,Nyssa,sylvatica,D02,SERC
585,LIST2,LI,Liquidambar,styraciflua,D02,SERC
579,LITU,LI,Liriodendron,tulipifera,D02,SERC
602,LIST2,LI,Liquidambar,styraciflua,D02,SERC
606,LITU,LI,Liriodendron,tulipifera,D02,SERC
607,LITU,LI,Liriodendron,tulipifera,D02,SERC
603,LITU,LI,Liriodendron,tulipifera,D02,SERC
613,LITU,LI,Liriodendron,tulipifera,D02,SERC
589,LIST2,LI,Liquidambar,styraciflua,D02,SERC
586,LIST2,LI,Liquidambar,styraciflua,D02,SERC
604,LIST2,LI,Liquidambar,styraciflua,D02,SERC
610,LITU,LI,Liriodendron,tulipifera,D02,SERC
595,LIST2,LI,Liquidambar,styraciflua,D02,SERC
635,LITU,LI,Liriodendron,tulipifera,D02,SERC
597,LIST2,LI,Liquidambar,styraciflua,D02,SERC
632,LIST2,LI,Liquidambar,styraciflua,D02,SERC
601,LIST2,LI,Liquidambar,styraciflua,D02,SERC
633,LITU,LI,Liriodendron,tulipifera,D02,SERC
599,LIST2,LI,Liquidambar,styraciflua,D02,SERC
596,LITU,LI,Liriodendron,tulipifera,D02,SERC
636,LITU,LI,Liriodendron,tulipifera,D02,SERC
598,LIST2,LI,Liquidambar,styraciflua,D02,SERC
600,ULMUS,UL,Ulmus,sp.,D02,SERC
624,LIST2,LI,Liquidambar,styraciflua,D02,SERC
631,LIST2,LI,Liquidambar,styraciflua,D02,SERC
620,LIST2,LI,Liquidambar,styraciflua,D02,SERC
645,NYSY,NY,Nyssa,sylvatica,D02,SERC
644,NYSY,NY,Nyssa,sylvatica,D02,SERC
623,LIST2,LI,Liquidambar,styraciflua,D02,SERC
630,LITU,LI,Liriodendron,tulipifera,D02,SERC
628,LITU,LI,Liriodendron,tulipifera,D02,SERC
627,LITU,LI,Liriodendron,tulipifera,D02,SERC
647,SASSA,SA,Sassafras,sp.,D02,SERC
654,AIAL,AI,Ailanthus,altissima,D02,SERC
649,AIAL,AI,Ailanthus,altissima,D02,SERC
650,LIST2,LI,Liquidambar,styraciflua,D02,SERC
656,ACRU,AC,Acer,rubrum,D02,SERC
651,AIAL,AI,Ailanthus,altissima,D02,SERC
652,SASSA,SA,Sassafras,sp.,D02,SERC
708,LIST2,LI,Liquidambar,styraciflua,D02,SERC
638,LITU,LI,Liriodendron,tulipifera,D02,SERC
703,ACRU,AC,Acer,rubrum,D02,SERC
706,ACRU,AC,Acer,rubrum,D02,SERC
705,LIST2,LI,Liquidambar,styraciflua,D02,SERC
641,LITU,LI,Liriodendron,tulipifera,D02,SERC
707,LITU,LI,Liriodendron,tulipifera,D02,SERC
710,ACRU,AC,Acer,rubrum,D02,SERC
643,LITU,LI,Liriodendron,tulipifera,D02,SERC
642,LITU,LI,Liriodendron,tulipifera,D02,SERC
709,LIST2,LI,Liquidambar,styraciflua,D02,SERC
640,LIST2,LI,Liquidambar,styraciflua,D02,SERC
692,ACRU,AC,Acer,rubrum,D02,SERC
689,LITU,LI,Liriodendron,tulipifera,D02,SERC
674,LIST2,LI,Liquidambar,styraciflua,D02,SERC
662,LIST2,LI,Liquidambar,styraciflua,D02,SERC
664,ULMUS,UL,Ulmus,sp.,D02,SERC
672,LIST2,LI,Liquidambar,styraciflua,D02,SERC
673,NYSY,NY,Nyssa,sylvatica,D02,SERC
667,LIST2,LI,Liquidambar,styraciflua,D02,SERC
670,LIST2,LI,Liquidambar,styraciflua,D02,SERC
675,LITU,LI,Liriodendron,tulipifera,D02,SERC
687,FAGR,FA,Fagus,grandifolia,D02,SERC
699,ULMUS,UL,Ulmus,sp.,D02,SERC
698,LIST2,LI,Liquidambar,styraciflua,D02,SERC
700,ULMUS,UL,Ulmus,sp.,D02,SERC
665,LIST2,LI,Liquidambar,styraciflua,D02,SERC
663,ACRU,AC,Acer,rubrum,D02,SERC
668,LIST2,LI,Liquidambar,styraciflua,D02,SERC
696,LIST2,LI,Liquidambar,styraciflua,D02,SERC
694,LIST2,LI,Liquidambar,styraciflua,D02,SERC
686,FAGR,FA,Fagus,grandifolia,D02,SERC
685,LITU,LI,Liriodendron,tulipifera,D02,SERC
683,LITU,LI,Liriodendron,tulipifera,D02,SERC
679,LIST2,LI,Liquidambar,styraciflua,D02,SERC
676,LIST2,LI,Liquidambar,styraciflua,D02,SERC
682,LIST2,LI,Liquidambar,styraciflua,D02,SERC
657,LITU,LI,Liriodendron,tulipifera,D02,SERC
658,LITU,LI,Liriodendron,tulipifera,D02,SERC
677,LIST2,LI,Liquidambar,styraciflua,D02,SERC
678,LIST2,LI,Liquidambar,styraciflua,D02,SERC
681,LITU,LI,Liriodendron,tulipifera,D02,SERC
659,LITU,LI,Liriodendron,tulipifera,D02,SERC
660,LITU,LI,Liriodendron,tulipifera,D02,SERC
680,LITU,LI,Liriodendron,tulipifera,D02,SERC
684,LITU,LI,Liriodendron,tulipifera,D02,SERC
712,LIST2,LI,Liquidambar,styraciflua,D02,SERC
1762,PIPA2,PI,Pinus,palustris,D08,TALL
1759,PIPA2,PI,Pinus,palustris,D08,TALL
1766,PIPA2,PI,Pinus,palustris,D08,TALL
1765,PIPA2,PI,Pinus,palustris,D08,TALL
1750,LIST2,LI,Liquidambar,styraciflua,D08,TALL
1744,PITA,PI,Pinus,taeda,D08,TALL
1742,QUAL,QU,Quercus,alba,D08,TALL
1749,PITA,PI,Pinus,taeda,D08,TALL
1741,PITA,PI,Pinus,taeda,D08,TALL
1747,PITA,PI,Pinus,taeda,D08,TALL
1746,QUNI,QU,Quercus,nigra,D08,TALL
1743,QUAL,QU,Quercus,alba,D08,TALL
1745,QUAL,QU,Quercus,alba,D08,TALL
1767,PIPA2,PI,Pinus,palustris,D08,TALL
1752,PIPA2,PI,Pinus,palustris,D08,TALL
1753,PIPA2,PI,Pinus,palustris,D08,TALL
1772,PIPA2,PI,Pinus,palustris,D08,TALL
1754,PITA,PI,Pinus,taeda,D08,TALL
1756,PITA,PI,Pinus,taeda,D08,TALL
1779,QUAL,QU,Quercus,alba,D08,TALL
1773,QUAL,QU,Quercus,alba,D08,TALL
1784,QUAL,QU,Quercus,alba,D08,TALL
1777,QUAL,QU,Quercus,alba,D08,TALL
1796,ACRU,AC,Acer,rubrum,D08,TALL
1774,CATO6,CA,Carya,tomentosa,D08,TALL
1795,OXAR,OX,Oxydendrum,arboreum,D08,TALL
1770,QUAL,QU,Quercus,alba,D08,TALL
1786,QUAL,QU,Quercus,alba,D08,TALL
1771,CATO6,CA,Carya,tomentosa,D08,TALL
1790,PIPA2,PI,Pinus,palustris,D08,TALL
1785,LITU,LI,Liriodendron,tulipifera,D08,TALL
1775,CATO6,CA,Carya,tomentosa,D08,TALL
1787,LITU,LI,Liriodendron,tulipifera,D08,TALL
1792,PIPA2,PI,Pinus,palustris,D08,TALL
1799,PIPA2,PI,Pinus,palustris,D08,TALL
1794,PIPA2,PI,Pinus,palustris,D08,TALL
1793,PIPA2,PI,Pinus,palustris,D08,TALL
1800,PIPA2,PI,Pinus,palustris,D08,TALL
1778,CATO6,CA,Carya,tomentosa,D08,TALL
1831,CATO6,CA,Carya,tomentosa,D08,TALL
1804,LIST2,LI,Liquidambar,styraciflua,D08,TALL
1803,ACRU,AC,Acer,rubrum,D08,TALL
1836,OXAR,OX,Oxydendrum,arboreum,D08,TALL
1837,CATO6,CA,Carya,tomentosa,D08,TALL
1840,CATO6,CA,Carya,tomentosa,D08,TALL
1834,LITU,LI,Liriodendron,tulipifera,D08,TALL
1828,PITA,PI,Pinus,taeda,D08,TALL
1801,QUAL,QU,Quercus,alba,D08,TALL
1844,PITA,PI,Pinus,taeda,D08,TALL
1838,PITA,PI,Pinus,taeda,D08,TALL
1827,PITA,PI,Pinus,taeda,D08,TALL
1843,PITA,PI,Pinus,taeda,D08,TALL
1847,PITA,PI,Pinus,taeda,D08,TALL
1845,PITA,PI,Pinus,taeda,D08,TALL
1839,OXAR,OX,Oxydendrum,arboreum,D08,TALL
1835,PITA,PI,Pinus,taeda,D08,TALL
1830,QUAL,QU,Quercus,alba,D08,TALL
1781,QUAL,QU,Quercus,alba,D08,TALL
1825,PITA,PI,Pinus,taeda,D08,TALL
1782,QUAL,QU,Quercus,alba,D08,TALL
1826,ACRU,AC,Acer,rubrum,D08,TALL
1802,QUNI,QU,Quercus,nigra,D08,TALL
1805,OXAR,OX,Oxydendrum,arboreum,D08,TALL
1832,OXAR,OX,Oxydendrum,arboreum,D08,TALL
1849,LITU,LI,Liriodendron,tulipifera,D08,TALL
1853,LIST2,LI,Liquidambar,styraciflua,D08,TALL
1809,PIPA2,PI,Pinus,palustris,D08,TALL
1852,PITA,PI,Pinus,taeda,D08,TALL
1806,PITA,PI,Pinus,taeda,D08,TALL
1807,PITA,PI,Pinus,taeda,D08,TALL
1850,QUAL,QU,Quercus,alba,D08,TALL
1848,QUAL,QU,Quercus,alba,D08,TALL
1811,PIPA2,PI,Pinus,palustris,D08,TALL
1814,PIPA2,PI,Pinus,palustris,D08,TALL
1821,PIPA2,PI,Pinus,palustris,D08,TALL
1820,PIPA2,PI,Pinus,palustris,D08,TALL
1816,PIPA2,PI,Pinus,palustris,D08,TALL
1818,PIPA2,PI,Pinus,palustris,D08,TALL
1812,PIPA2,PI,Pinus,palustris,D08,TALL
1817,PIPA2,PI,Pinus,palustris,D08,TALL
1815,PIPA2,PI,Pinus,palustris,D08,TALL
1819,PIPA2,PI,Pinus,palustris,D08,TALL
1861,LIST2,LI,Liquidambar,styraciflua,D08,TALL
1824,LIST2,LI,Liquidambar,styraciflua,D08,TALL
1860,ACRU,AC,Acer,rubrum,D08,TALL
1856,PITA,PI,Pinus,taeda,D08,TALL
1863,PIPA2,PI,Pinus,palustris,D08,TALL
1854,PIPA2,PI,Pinus,palustris,D08,TALL
1862,PIPA2,PI,Pinus,palustris,D08,TALL
1855,PIPA2,PI,Pinus,palustris,D08,TALL
1857,PIPA2,PI,Pinus,palustris,D08,TALL
1873,PIPA2,PI,Pinus,palustris,D08,TALL
1878,PIPA2,PI,Pinus,palustris,D08,TALL
1877,PIPA2,PI,Pinus,palustris,D08,TALL
1875,PIPA2,PI,Pinus,palustris,D08,TALL
1859,LITU,LI,Liriodendron,tulipifera,D08,TALL
1869,OXAR,OX,Oxydendrum,arboreum,D08,TALL
1868,PITA,PI,Pinus,taeda,D08,TALL
1872,PITA,PI,Pinus,taeda,D08,TALL
1866,QUAL,QU,Quercus,alba,D08,TALL
1858,OXAR,OX,Oxydendrum,arboreum,D08,TALL
1870,QUNI,QU,Quercus,nigra,D08,TALL
1892,PIPA2,PI,Pinus,palustris,D08,TALL
1881,PITA,PI,Pinus,taeda,D08,TALL
1883,PITA,PI,Pinus,taeda,D08,TALL
1885,PITA,PI,Pinus,taeda,D08,TALL
1879,PITA,PI,Pinus,taeda,D08,TALL
1886,PITA,PI,Pinus,taeda,D08,TALL
1895,QUAL,QU,Quercus,alba,D08,TALL
1898,CATO6,CA,Carya,tomentosa,D08,TALL
1900,LIST2,LI,Liquidambar,styraciflua,D08,TALL
965,MAPO,MA,Maclura,pomifera,D06,UKFS
964,MAPO,MA,Maclura,pomifera,D06,UKFS
1043,JUNI,JU,Juglans,nigra,D06,UKFS
1042,ULAM,UL,Ulmus,americana,D06,UKFS
1044,QUMU,QU,Quercus,muehlenbergii,D06,UKFS
966,JUNI,JU,Juglans,nigra,D06,UKFS
967,ULAM,UL,Ulmus,americana,D06,UKFS
1084,PODE3,PO,Populus,deltoides,D06,UKFS
1082,QUMU,QU,Quercus,muehlenbergii,D06,UKFS
1165,PODE3,PO,Populus,deltoides,D06,UKFS
1163,PODE3,PO,Populus,deltoides,D06,UKFS
1156,ULAM,UL,Ulmus,americana,D06,UKFS
1168,PODE3,PO,Populus,deltoides,D06,UKFS
1167,ULAM,UL,Ulmus,americana,D06,UKFS
1158,ULAM,UL,Ulmus,americana,D06,UKFS
1160,ULRU,UL,Ulmus,rubra,D06,UKFS
1083,PODE3,PO,Populus,deltoides,D06,UKFS
1169,PODE3,PO,Populus,deltoides,D06,UKFS
1161,PODE3,PO,Populus,deltoides,D06,UKFS
1080,CAOV2,CA,Carya,ovata,D06,UKFS
1078,ULAM,UL,Ulmus,americana,D06,UKFS
1031,ULAM,UL,Ulmus,americana,D06,UKFS
1029,QUMA2,QU,Quercus,macrocarpa,D06,UKFS
1033,CAOV2,CA,Carya,ovata,D06,UKFS
1017,CAOV2,CA,Carya,ovata,D06,UKFS
1047,MAPO,MA,Maclura,pomifera,D06,UKFS
1118,MAPO,MA,Maclura,pomifera,D06,UKFS
1079,MAPO,MA,Maclura,pomifera,D06,UKFS
1116,JUVI,JU,Juniperus,virginiana,D06,UKFS
1119,CECA4,CE,Cercis,canadensis,D06,UKFS
1050,JUNI,JU,Juglans,nigra,D06,UKFS
1071,CECA4,CE,Cercis,canadensis,D06,UKFS
1072,JUNI,JU,Juglans,nigra,D06,UKFS
1123,CECA4,CE,Cercis,canadensis,D06,UKFS
1073,CECA4,CE,Cercis,canadensis,D06,UKFS
1076,CECA4,CE,Cercis,canadensis,D06,UKFS
1048,CECA4,CE,Cercis,canadensis,D06,UKFS
1049,MAPO,MA,Maclura,pomifera,D06,UKFS
1121,JUVI,JU,Juniperus,virginiana,D06,UKFS
1077,CECA4,CE,Cercis,canadensis,D06,UKFS
1065,JUNI,JU,Juglans,nigra,D06,UKFS
1125,JUVI,JU,Juniperus,virginiana,D06,UKFS
1068,ULAM,UL,Ulmus,americana,D06,UKFS
1120,JUNI,JU,Juglans,nigra,D06,UKFS
1070,JUNI,JU,Juglans,nigra,D06,UKFS
1069,CEOC,CE,Celtis,occidentalis,D06,UKFS
1144,MAPO,MA,Maclura,pomifera,D06,UKFS
1023,ULAM,UL,Ulmus,americana,D06,UKFS
1020,CEOC,CE,Celtis,occidentalis,D06,UKFS
1147,ULAM,UL,Ulmus,americana,D06,UKFS
1148,JUVI,JU,Juniperus,virginiana,D06,UKFS
1135,CEOC,CE,Celtis,occidentalis,D06,UKFS
1152,ULAM,UL,Ulmus,americana,D06,UKFS
1146,MAPO,MA,Maclura,pomifera,D06,UKFS
1150,JUVI,JU,Juniperus,virginiana,D06,UKFS
1151,GLTR,GL,Gleditsia,triacanthos,D06,UKFS
1024,ULAM,UL,Ulmus,americana,D06,UKFS
1130,ULAM,UL,Ulmus,americana,D06,UKFS
1128,ULAM,UL,Ulmus,americana,D06,UKFS
1134,CEOC,CE,Celtis,occidentalis,D06,UKFS
1127,ULAM,UL,Ulmus,americana,D06,UKFS
1132,CEOC,CE,Celtis,occidentalis,D06,UKFS
1126,ULAM,UL,Ulmus,americana,D06,UKFS
1153,GLTR,GL,Gleditsia,triacanthos,D06,UKFS
979,ULAM,UL,Ulmus,americana,D06,UKFS
1027,ULAM,UL,Ulmus,americana,D06,UKFS
980,ULAM,UL,Ulmus,americana,D06,UKFS
1133,ULRU,UL,Ulmus,rubra,D06,UKFS
982,JUNI,JU,Juglans,nigra,D06,UKFS
986,GLTR,GL,Gleditsia,triacanthos,D06,UKFS
1041,JUNI,JU,Juglans,nigra,D06,UKFS
1040,CAOV2,CA,Carya,ovata,D06,UKFS
1039,ULAM,UL,Ulmus,americana,D06,UKFS
985,ULAM,UL,Ulmus,americana,D06,UKFS
984,ULAM,UL,Ulmus,americana,D06,UKFS
981,ULAM,UL,Ulmus,americana,D06,UKFS
987,ULAM,UL,Ulmus,americana,D06,UKFS
1025,ULAM,UL,Ulmus,americana,D06,UKFS
1026,MAPO,MA,Maclura,pomifera,D06,UKFS
1137,ULAM,UL,Ulmus,americana,D06,UKFS
1136,JUNI,JU,Juglans,nigra,D06,UKFS
978,GYDI,GY,Gymnocladus,dioicus,D06,UKFS
976,CEOC,CE,Celtis,occidentalis,D06,UKFS
1088,GYDI,GY,Gymnocladus,dioicus,D06,UKFS
970,GLTR,GL,Gleditsia,triacanthos,D06,UKFS
971,CEOC,CE,Celtis,occidentalis,D06,UKFS
1019,CEOC,CE,Celtis,occidentalis,D06,UKFS
977,ULAM,UL,Ulmus,americana,D06,UKFS
1090,GYDI,GY,Gymnocladus,dioicus,D06,UKFS
1085,GYDI,GY,Gymnocladus,dioicus,D06,UKFS
1087,GYDI,GY,Gymnocladus,dioicus,D06,UKFS
972,CEOC,CE,Celtis,occidentalis,D06,UKFS
1089,ULRU,UL,Ulmus,rubra,D06,UKFS
1143,ULAM,UL,Ulmus,americana,D06,UKFS
1086,GYDI,GY,Gymnocladus,dioicus,D06,UKFS
968,CEOC,CE,Celtis,occidentalis,D06,UKFS
1091,CEOC,CE,Celtis,occidentalis,D06,UKFS
1100,JUVI,JU,Juniperus,virginiana,D06,UKFS
1093,MAPO,MA,Maclura,pomifera,D06,UKFS
1094,MAPO,MA,Maclura,pomifera,D06,UKFS
993,ULRU,UL,Ulmus,rubra,D06,UKFS
995,ULAM,UL,Ulmus,americana,D06,UKFS
1002,JUNI,JU,Juglans,nigra,D06,UKFS
1010,ULAM,UL,Ulmus,americana,D06,UKFS
997,CEOC,CE,Celtis,occidentalis,D06,UKFS
1007,JUNI,JU,Juglans,nigra,D06,UKFS
1005,ULAM,UL,Ulmus,americana,D06,UKFS
1008,CEOC,CE,Celtis,occidentalis,D06,UKFS
991,ULAM,UL,Ulmus,americana,D06,UKFS
999,CEOC,CE,Celtis,occidentalis,D06,UKFS
1009,CECA4,CE,Cercis,canadensis,D06,UKFS
990,ULRU,UL,Ulmus,rubra,D06,UKFS
1004,GLTR,GL,Gleditsia,triacanthos,D06,UKFS
1012,CEOC,CE,Celtis,occidentalis,D06,UKFS
988,QUMU,QU,Quercus,muehlenbergii,D06,UKFS
989,CECA4,CE,Cercis,canadensis,D06,UKFS
1006,CEOC,CE,Celtis,occidentalis,D06,UKFS
1003,ULAM,UL,Ulmus,americana,D06,UKFS
994,CEOC,CE,Celtis,occidentalis,D06,UKFS
998,CAOV2,CA,Carya,ovata,D06,UKFS
1064,MAPO,MA,Maclura,pomifera,D06,UKFS
1111,QUMA2,QU,Quercus,macrocarpa,D06,UKFS
1112,QUMA2,QU,Quercus,macrocarpa,D06,UKFS
1053,JUNI,JU,Juglans,nigra,D06,UKFS
1114,ULAM,UL,Ulmus,americana,D06,UKFS
1052,JUNI,JU,Juglans,nigra,D06,UKFS
1104,CECA4,CE,Cercis,canadensis,D06,UKFS
1057,CEOC,CE,Celtis,occidentalis,D06,UKFS
1106,QUMA2,QU,Quercus,macrocarpa,D06,UKFS
1054,ULRU,UL,Ulmus,rubra,D06,UKFS
1107,CEOC,CE,Celtis,occidentalis,D06,UKFS
1110,QUMA2,QU,Quercus,macrocarpa,D06,UKFS
1060,MAPO,MA,Maclura,pomifera,D06,UKFS
1109,QUMA2,QU,Quercus,macrocarpa,D06,UKFS
1059,MAPO,MA,Maclura,pomifera,D06,UKFS
1061,JUNI,JU,Juglans,nigra,D06,UKFS
1108,CEOC,CE,Celtis,occidentalis,D06,UKFS
1051,MAPO,MA,Maclura,pomifera,D06,UKFS
1055,ULAM,UL,Ulmus,americana,D06,UKFS
1113,CEOC,CE,Celtis,occidentalis,D06,UKFS
1014,CECA4,CE,Cercis,canadensis,D06,UKFS
1016,CECA4,CE,Cercis,canadensis,D06,UKFS
1013,CEOC,CE,Celtis,occidentalis,D06,UKFS
1015,ULAM,UL,Ulmus,americana,D06,UKFS
1001,CECA4,CE,Cercis,canadensis,D06,UKFS
2016,PICO,PI,Pinus,contorta,D13,YELL
1997,PICO,PI,Pinus,contorta,D13,YELL
2017,PICO,PI,Pinus,contorta,D13,YELL
2000,PICO,PI,Pinus,contorta,D13,YELL
2006,PICO,PI,Pinus,contorta,D13,YELL
2014,PICO,PI,Pinus,contorta,D13,YELL
1987,PICO,PI,Pinus,contorta,D13,YELL
2007,PICO,PI,Pinus,contorta,D13,YELL
1990,PICO,PI,Pinus,contorta,D13,YELL
2019,PICO,PI,Pinus,contorta,D13,YELL
2018,PICO,PI,Pinus,contorta,D13,YELL
2002,PICO,PI,Pinus,contorta,D13,YELL
2009,PICO,PI,Pinus,contorta,D13,YELL
1996,PICO,PI,Pinus,contorta,D13,YELL
2011,PICO,PI,Pinus,contorta,D13,YELL
1989,PICO,PI,Pinus,contorta,D13,YELL
2005,PICO,PI,Pinus,contorta,D13,YELL
2012,PICO,PI,Pinus,contorta,D13,YELL
2008,PICO,PI,Pinus,contorta,D13,YELL
1995,PICO,PI,Pinus,contorta,D13,YELL
1991,PICO,PI,Pinus,contorta,D13,YELL
1993,PICO,PI,Pinus,contorta,D13,YELL
2001,PICO,PI,Pinus,contorta,D13,YELL
2004,PICO,PI,Pinus,contorta,D13,YELL
1988,PICO,PI,Pinus,contorta,D13,YELL
1992,PICO,PI,Pinus,contorta,D13,YELL
2010,PICO,PI,Pinus,contorta,D13,YELL
